Популярные запросы,Kлики,Показы,CTR,Позиция
state flags with animals,19,200,9.5%,4.88
us flags with animals,9,134,6.72%,4.64
state symbols,7,1392,0.5%,10.34
state symbols usa,5,1361,0.37%,7.27
alphabetical list of state trees,4,100,4%,9.17
states with animals on their flag,4,32,12.5%,4.94
state flags with animals on them,3,52,5.77%,4.48
what is utah's bordering states,3,6,50%,1
us state flags with animals,2,112,1.79%,6.1
states symbols,2,97,2.06%,10.19
state colors,2,89,2.25%,9.55
states symbol,2,37,5.41%,17.27
50 states symbols,2,22,9.09%,4.73
us state emblems,2,13,15.38%,7.77
state capitals by elevation,2,12,16.67%,7.83
pennsylvania state symbols,2,8,25%,28.25
what state borders wisconsin,2,5,40%,3
all 50 state flowers in alphabetical order,2,4,50%,14
what are kentucky's state colors,2,3,66.67%,1
usa state symbols,1,89,1.12%,11.71
how many states share a land border with delaware,1,40,2.5%,6
all state symbols,1,34,2.94%,7.65
us state colors,1,33,3.03%,9.91
states that get very little snow,1,30,3.33%,8.9
what is hawaii's state tree,1,24,4.17%,5.71
rhode island state bird,1,22,4.55%,45.73
state symbols of usa,1,20,5%,13.1
state mottos list,1,20,5%,13.8
deepest lakes in the us,1,19,5.26%,36.74
list of state flowers in alphabetical order,1,15,6.67%,11.27
compare states,1,15,6.67%,37.73
what states border louisiana,1,14,7.14%,14.93
50 state symbols,1,13,7.69%,6.38
what is the meaning of the louisiana state flag,1,12,8.33%,5.5
what is oklahoma's state animal,1,12,8.33%,9.08
states with wnba teams,1,11,9.09%,7.09
state animals list,1,11,9.09%,23
state drink,1,11,9.09%,30
what is the state color of idaho,1,10,10%,11.3
mississippi state nickname,1,10,10%,35.5
what states border indiana,1,9,11.11%,3.89
state capital with highest elevation,1,9,11.11%,17.89
state flag with animal,1,8,12.5%,8.25
what is hawaii's motto in english,1,7,14.29%,6.29
state license plate mottos,1,7,14.29%,24.71
marriage age by state,1,7,14.29%,33.14
official state symbols,1,6,16.67%,9.17
hawaii state beverage,1,6,16.67%,10.83
what country borders vermont,1,5,20%,5
list of us state capitals by elevation,1,5,20%,5.6
what is nebraska's state motto,1,5,20%,23.8
state comparisons,1,5,20%,42.6
what is wisconsin's bordering states,1,4,25%,1
what is missouri's bordering states,1,4,25%,2
what is vermont bordering states,1,4,25%,2.5
what state borders michigan,1,4,25%,7.75
highest state capitals by elevation,1,4,25%,8.75
state insignia,1,4,25%,8.75
what is colorado's bordering states,1,3,33.33%,1
indiana's bordering states,1,3,33.33%,2
what state borders west virginia,1,3,33.33%,5.33
what is mississippi state mammal,1,3,33.33%,6.67
what are maine's state colors,1,2,50%,1
what is colorado motto,1,2,50%,6
list of the united states and their capitals,1,2,50%,55.5
what state borders south dakota,1,1,100%,1
why is north dakota called the peace garden state,1,1,100%,8
is it hotter in texas or arizona,1,1,100%,10
show the percentages,1,1,100%,10
what is hawaii's state symbol,1,1,100%,12
hawaii's state symbols,1,1,100%,63
u.s. state flowers scientific names list,0,292,0%,10.86
it is bordered by the following states,0,285,0%,9.34
states symbols usa,0,159,0%,6.28
official state colors,0,146,0%,7.22
list of state birds in alphabetical order,0,131,0%,8.58
state symbol,0,119,0%,11.54
"""only state motto""",0,92,0%,3.68
oregon vs washington living,0,92,0%,26.96
"""only state motto"" language or french or latin",0,89,0%,5.85
what is florida's state color,0,88,0%,9.62
biggest state in usa,0,88,0%,59.81
state capitals,0,84,0%,68.75
us state flags with birds list,0,81,0%,1.56
"""only state motto"" language or latin or french",0,76,0%,5.87
tennessee borders eight states official,0,76,0%,6.11
states and capitals,0,75,0%,68.01
kentucky nickname,0,74,0%,12.81
"""only state motto"" language or latin or french or german",0,72,0%,6.21
state capitals named after presidents,0,72,0%,8.42
us state symbols,0,71,0%,8.46
state nicknames,0,70,0%,54.09
current results average annual temperatures by state florida 70.7 texas 64.8,0,69,0%,3.43
what is the biggest state,0,68,0%,60.6
us state capitals,0,67,0%,66.88
capital city of usa,0,66,0%,71.91
largest state in usa,0,65,0%,53.98
state animals in alphabetical order,0,64,0%,9.72
living in oregon vs washington,0,63,0%,37.13
"""only state motto"" language or latin or french or greek",0,62,0%,6.39
us capitals,0,62,0%,70.03
what states have wnba teams,0,60,0%,7.73
us states by area,0,56,0%,43.2
which us state flags have birds on them,0,55,0%,1.25
"""only state motto"" language or french or german or latin",0,54,0%,5.11
mississippi vs alabama state tax status,0,54,0%,9.09
largest states by land area,0,54,0%,12.54
state symbol usa,0,53,0%,7.11
us states and capitals,0,53,0%,67.36
wnba teams by state,0,51,0%,7.27
what is floridas state color,0,51,0%,9.51
which us state flags feature a bird,0,50,0%,2.16
"kansas state motto ""ad astra per aspera"" adoption date",0,50,0%,3.9
which state capital has the highest elevation,0,50,0%,18.06
compare states to live in,0,50,0%,21.12
capital of usa,0,50,0%,72.26
what are the state symbols,0,48,0%,7.42
"""only state motto"" language or french or latin or german",0,47,0%,4.47
largest states by area,0,46,0%,24.5
"current results average annual temperatures by usa state florida 70.7 texas 
64.8",0,45,0%,3.62
state emblems,0,45,0%,8.36
what are the state colors,0,45,0%,9.2
smallest state in usa,0,45,0%,45.24
nickname florida,0,44,0%,4.86
which two states do not share a border with any other states,0,44,0%,11.8
state beverages,0,44,0%,11.84
average home price indiana vs ohio,0,44,0%,17.8
capitals of us states,0,44,0%,71.11
wyoming idaho border length miles,0,43,0%,6.77
washington state southern border latitude 45.5 n official,0,43,0%,10.81
wnba teams in california,0,42,0%,7.71
"""myosotis alpestris"" ""mouse ear"" alaska state flower",0,42,0%,9.43
ohio vs indiana tax returns,0,42,0%,17.02
biggest us state,0,42,0%,45.79
smallest us state,0,41,0%,38.41
us state flags featuring birds list,0,40,0%,1
"""only state motto"" language or latin or greek or french",0,40,0%,5.88
california wnba teams,0,40,0%,6.17
cost of living in newark delaware,0,40,0%,80.97
list of us state flags with birds,0,39,0%,1.26
is gas cheaper in alabama or georgia,0,39,0%,9.56
top 20 deepest lakes in the us,0,39,0%,10
what is the state color of texas,0,39,0%,10.05
capital city usa,0,39,0%,66.74
"""only state motto"" language or french or latin or greek",0,38,0%,5.63
compare mississippi state tax vs alabama state tax,0,38,0%,17.79
us state trees,0,38,0%,24.16
cost of living oregon vs washington,0,38,0%,36.5
compare connecticut state tax with new york,0,37,0%,25.89
us states by size,0,37,0%,37.57
sunshine state,0,37,0%,60.14
average state gas tax us 2026,0,36,0%,8.28
list of state symbols,0,36,0%,8.72
what is the state color of florida,0,35,0%,9.69
cost of living in oregon vs washington,0,35,0%,33.49
biggest state in america,0,35,0%,62.63
"""only state motto"" language",0,34,0%,2.18
compare mississippi state taxes vs alabama state taxes,0,34,0%,15.65
what are state symbols,0,34,0%,19.32
largest us state,0,34,0%,37.32
washington vs oregon cost of living,0,34,0%,44.82
50 states and capitals,0,34,0%,60.68
"""sunny days per year"" kansas",0,33,0%,5.18
is gas cheaper in massachusetts or connecticut,0,33,0%,8.33
what is the bordered by the following states,0,33,0%,8.36
mississippi income tax vs alabama income tax,0,33,0%,14.18
mississippi state tax vs alabama state tax,0,33,0%,16.76
california state beverage,0,33,0%,19.73
arizona vs. nevada state tax comparison,0,33,0%,28.12
compare maine state tax to new hampshire,0,33,0%,31.3
largest state in america,0,33,0%,62.18
first time home buyer in indiana vs ohio,0,32,0%,9.22
compare arkansas state taxes to texas state taxes,0,32,0%,12.41
states by size,0,32,0%,42.59
state capitals list,0,32,0%,53.62
state capital,0,32,0%,68.69
statesymbolusa,0,31,0%,5.68
what are the 4 state capitals named after presidents,0,31,0%,6.16
the state symbols,0,31,0%,8.55
connecticut vs new york state tax,0,31,0%,35.71
usa capital city,0,31,0%,61.23
us state birds,0,31,0%,66.77
"""only state motto"" language or latin or greek",0,30,0%,4.4
list of state birds in alphabetical order with pictures,0,30,0%,9.17
is alabama in texas,0,30,0%,21.5
ohio vs. indiana state tax filing,0,30,0%,27.97
state flower bouquet,0,30,0%,65.07
us state flags with birds on them list,0,29,0%,1
"""myosotis alpestris"" ""mouse ear"" alaska official flower",0,29,0%,9.79
what is the state color of hawaii,0,29,0%,10.79
mississippi property tax vs alabama property tax,0,29,0%,20.62
mississippi vs alabama state tax return,0,29,0%,22.86
compare maryland vs. virginia tax returns,0,29,0%,29.48
american states and capitals,0,29,0%,64.83
capitals of states,0,29,0%,73.41
what's florida's nickname,0,28,0%,4.36
"""sunny days per year"" oklahoma",0,28,0%,7.86
is gas cheaper in connecticut or massachusetts,0,28,0%,9.36
states with no snow,0,28,0%,11.75
mississippi vs. alabama state tax,0,28,0%,14.75
indiana vs ohio tax filing,0,28,0%,32.89
alabama vs georgia state taxes,0,28,0%,33.79
pros and cons of living in oregon vs washington,0,28,0%,48.32
american state capitals,0,28,0%,58.75
capital cities of usa,0,28,0%,62.43
nebraska sales tax vs iowa sales tax,0,27,0%,4.63
u.s. state symbols list,0,27,0%,8.22
state stuff,0,27,0%,10.11
"""sunny days per year"" texas",0,27,0%,10.48
american state symbols,0,27,0%,14.15
arkansas state tax vs louisiana state tax,0,27,0%,16.48
alabama state tax vs georgia state tax,0,27,0%,30.59
u.s. states flags with birds,0,26,0%,1.58
which us states have birds on their flags,0,26,0%,1.85
"""only state motto"" or ""unique state motto"" language or french or latin",0,26,0%,6.35
state capitals by population,0,26,0%,13.19
state icons,0,26,0%,15.27
new york state flower,0,26,0%,61.85
us state flags with birds on them,0,25,0%,1.04
"""only state motto"" language or french or german",0,25,0%,5.48
"""only state motto"" french",0,25,0%,5.88
us state capitals by population,0,25,0%,10.8
state color of florida,0,25,0%,11.24
united states capital city,0,25,0%,60.4
american capitals,0,25,0%,64.36
taxes in oregon vs washington,0,25,0%,64.64
what is the biggest state in north america,0,25,0%,67.56
new hampshire state animal white-tailed deer 1983 official,0,24,0%,8.04
list of states bordering oklahoma,0,24,0%,9
what is the state color of utah,0,24,0%,9.12
"""state flower"" ""cornus"" horn",0,24,0%,9.71
history of kansas license plates motto,0,24,0%,9.83
state drinks,0,24,0%,16.83
what is hawaii's state motto,0,24,0%,22.75
maine vs. vermont state tax differences,0,24,0%,24.12
state that borders the most states,0,24,0%,27.62
smallest state,0,24,0%,47.62
biggest states in usa,0,24,0%,49.29
tipped minimum wage by state,0,24,0%,58.38
what is the largest state in north america,0,24,0%,60.67
usa state capitals,0,24,0%,69.83
cost of living in maine,0,24,0%,78.88
minimum wage per state,0,24,0%,83.46
list of u.s. state flags with birds,0,23,0%,1.04
state symbols usa website,0,23,0%,5.48
"""only state motto"" french or latin or greek",0,23,0%,7.48
us state gas tax rates by state 2026,0,23,0%,8.09
what is the state nickname of florida,0,23,0%,8.26
how many state capitals are named after presidents,0,23,0%,10.26
largest state capital by population,0,23,0%,13.39
is arizona hotter than florida,0,23,0%,15.39
compare alabama state tax to georgia state tax,0,23,0%,19.43
what is someone from wyoming called,0,23,0%,22.04
first home purchase maryland vs virginia,0,23,0%,30
florida nickname,0,23,0%,38.39
biggest states in america,0,23,0%,53.87
states and their capitals,0,23,0%,62.09
state capitals map,0,23,0%,71.09
u.s. states that share a land border with virginia,0,22,0%,5.05
"""sunny days per year"" alabama",0,22,0%,7.05
what is alaska's state tree,0,22,0%,8.14
"i am bordering the following 5 states kentucky maryland ohio pennsylvania 
and virginia",0,22,0%,8.82
what is the state color,0,22,0%,11.09
what are the top 10 windiest states,0,22,0%,13.14
what are montana residents called,0,22,0%,21.23
tax burden in nebraska compared to iowa,0,22,0%,27.05
state animals,0,22,0%,34.91
us state mottos,0,22,0%,44.09
smallest state in america,0,22,0%,48.59
state tree,0,22,0%,58.86
us states capitals,0,22,0%,61.77
cost of living in florida vs texas,0,22,0%,68.45
list of us state flags with birds on them,0,21,0%,1.14
u.s. state flags with birds list,0,21,0%,1.81
list of us states with minimum marriage age 18 no exceptions 2026,0,21,0%,5.38
"""only state motto"" french or latin",0,21,0%,7.48
is gas cheaper in ct or ma,0,21,0%,9.48
highest elevation state capital,0,21,0%,13.81
highest state capital,0,21,0%,14
state dinosaurs list,0,21,0%,15.9
us states symbols,0,21,0%,18.43
list of wnba teams,0,21,0%,19.43
mortgage rates california vs texas,0,21,0%,21.52
biggest us states,0,21,0%,22.86
compare indiana state taxes to illinois state taxes,0,21,0%,26.67
alabama property tax vs georgia property tax,0,21,0%,32.33
compare ma state tax vs nh state tax,0,21,0%,34.9
massachusetts state beverage,0,21,0%,43.33
states by area,0,21,0%,43.48
states and capitals list,0,21,0%,60
the sunshine state,0,21,0%,70.57
united states capital,0,21,0%,72.52
minimum wage by state,0,21,0%,90.24
u.s. states whose flag contains a bird,0,20,0%,1.25
wyoming idaho border length in miles,0,20,0%,5.8
"""official flower"" ""artemisia tridentata"" nevada",0,20,0%,6.7
bordered by the following states,0,20,0%,9.5
do states have a state color,0,20,0%,9.55
do states have state colors,0,20,0%,9.6
states bordering oklahoma list,0,20,0%,9.65
"""state flower"" ""scientific name"" ""mouse ear""",0,20,0%,10.05
state color of texas,0,20,0%,10.6
massachusetts state motto latin,0,20,0%,11.55
what is georgia's state color,0,20,0%,11.75
cost of living in alaska vs texas,0,20,0%,17.45
alabama income tax vs georgia income tax,0,20,0%,28.95
smallest states in usa,0,20,0%,30.6
connecticut state tax vs new york state tax,0,20,0%,31.9
usa symbols,0,20,0%,39.65
state motto,0,20,0%,47.05
united states area,0,20,0%,62
legal marriage age,0,20,0%,62.75
capitals of the states,0,20,0%,65.5
what is a person from utah called,0,20,0%,67.15
america capital,0,20,0%,69.7
state birds,0,20,0%,75.65
south dakota borders six states official,0,19,0%,2.58
current results average annual temperatures by state florida texas 70.7 64.8,0,19,0%,3.21
"""what county shares a border with indiana county""",0,19,0%,3.63
all wnba teams,0,19,0%,4.58
what states have a wnba team,0,19,0%,5
"""state motto"" ""bible passage""",0,19,0%,5.53
idaho borders british columbia and six states,0,19,0%,5.63
what does the louisiana flag represent,0,19,0%,6
median home price texas vs delaware 2026,0,19,0%,6.37
us state motto adopted 1928,0,19,0%,9.89
"""top 5 oldest cities"" state named for native americans city",0,19,0%,10.89
filing taxes in nebraska vs iowa,0,19,0%,21.68
mortgage rates in california vs texas,0,19,0%,22.53
compare nebraska state tax rates vs iowa state tax rates,0,19,0%,23.84
biggest states by area,0,19,0%,30.16
compare first-time home buyer programs virginia vs maryland,0,19,0%,31.21
florida state symbols usa,0,19,0%,46.53
sunshine state united states,0,19,0%,50.74
biggest state,0,19,0%,61.84
50 states capitals,0,19,0%,64.26
capital of usa country,0,19,0%,64.79
50 state capitals,0,19,0%,65.79
"""sunny days per year"" ""kansas""",0,18,0%,6
which of these states share a land border with missouri,0,18,0%,6.89
do states have official colors,0,18,0%,7.83
kansas license plate slogan,0,18,0%,7.94
washington state southern border latitude 45.5 official,0,18,0%,10.44
current results average annual temperatures by state florida texas,0,18,0%,10.89
list of state nicknames pdf,0,18,0%,10.94
us states minimum marriage age with parental consent 2026,0,18,0%,14.06
biggest us states by area,0,18,0%,19.72
a state surrounded by other states,0,18,0%,20.11
compare hawaii state tax with california,0,18,0%,23.94
colorado state taxes vs utah state taxes,0,18,0%,26.06
compare hawaii state tax to california,0,18,0%,27.06
compare ma state taxes to nh state taxes,0,18,0%,31.06
connecticut state tax vs. new york state tax,0,18,0%,31.39
massachusetts sales tax vs new hampshire sales tax,0,18,0%,34.39
bordering states,0,18,0%,38.39
smallest state in us,0,18,0%,46.67
us state capitals list,0,18,0%,55.83
capital cities us,0,18,0%,59.56
states capitals,0,18,0%,71.06
united states capitals,0,18,0%,74
capital of united states,0,18,0%,77.56
us states flags with birds,0,17,0%,1
current results average annual temperature by state florida 70.7 texas 64.8,0,17,0%,4.12
the capital of which of these u.s. states was named after a president?,0,17,0%,5.35
what is arizona's motto,0,17,0%,7.88
colorado state bird capital flower admission date,0,17,0%,8.18
"""official state flower"" ""scientific name"" ""ear""",0,17,0%,8.29
list of us state beverages,0,17,0%,9.18
"""scientific name"" ""mouse ear"" ""state flower""",0,17,0%,10
symbols of states,0,17,0%,12
what is the sales tax rate in california vs texas,0,17,0%,22.59
compare mortgage rates indiana vs illinois,0,17,0%,31.12
compare nh state taxes to ma,0,17,0%,31.12
nebraska vs iowa tax return differences,0,17,0%,31.29
alabama vs georgia tax return differences,0,17,0%,35.12
states by square miles,0,17,0%,42.35
tipped wages by state,0,17,0%,46.24
largest state in the us,0,17,0%,59.06
capital of states,0,17,0%,66.18
cost of living in oregon,0,17,0%,90.47
average annual temperature by state florida 70.7 texas 64.8 source,0,16,0%,2.62
us states bordering oklahoma,0,16,0%,4.38
4 state capitals named after presidents,0,16,0%,6.06
what is hawaii state tree,0,16,0%,7.75
state flags with bears,0,16,0%,8.5
"i am bordering the following 4 states alabama arkansas louisiana and 
tennessee",0,16,0%,8.69
do states have colors,0,16,0%,10.19
is gas cheaper in georgia or alabama,0,16,0%,10.25
what is the state color of new york,0,16,0%,11
what state is directly above indiana,0,16,0%,11
states by size smallest to largest,0,16,0%,11.44
kentucky bluegrass state nickname official,0,16,0%,11.94
states surrounding iowa,0,16,0%,16.56
maine sales tax vs new hampshire sales tax,0,16,0%,16.81
state things,0,16,0%,18.56
maine property tax versus new hampshire property tax,0,16,0%,21.12
how does connecticut compare to rhode island on taxes?,0,16,0%,29.12
compare hawaii state taxes with california,0,16,0%,33.06
largest us states,0,16,0%,34.31
symbols usa,0,16,0%,34.81
compare massachusetts state taxes to new hampshire,0,16,0%,35.25
largest us states by area,0,16,0%,39.19
deepest lake in the us,0,16,0%,49.19
wnba teams list,0,16,0%,50.44
united states of america capital,0,16,0%,67.56
united states land area,0,16,0%,67.75
united states and capitals,0,16,0%,69.12
california state animal,0,16,0%,69.25
bluegrass state,0,16,0%,76.12
state flowers,0,16,0%,78.44
cost of living in vermont,0,16,0%,83.5
state flower,0,16,0%,86.31
state symbols.com,0,15,0%,2.27
average annual temperature by state florida 70.7 texas 64.8,0,15,0%,2.73
"""only state motto"" latin",0,15,0%,3.27
"""only state motto"" language or latin",0,15,0%,3.6
"""state flower"" ""scientific name"" ""horn""",0,15,0%,6.6
"""only state motto"" french or latin or german",0,15,0%,6.8
state motto march 26 1928,0,15,0%,7.33
wyoming idaho border length km,0,15,0%,7.73
louisiana flag meaning,0,15,0%,8.13
whats a state symbol,0,15,0%,8.4
what is bordered by the following states,0,15,0%,9.93
does florida have a state color,0,15,0%,10.6
"""top 5 oldest cities"" state named after native americans city",0,15,0%,11.67
"""state flower"" ""cornus"" ""horn""",0,15,0%,12.47
what are people from each state called,0,15,0%,20.73
most populous state capital,0,15,0%,23.8
why is florida called the sunshine state,0,15,0%,33.33
compare indiana and illinois state tax returns,0,15,0%,33.93
why is kentucky called the bluegrass state,0,15,0%,41.93
new jersey new york,0,15,0%,48.93
what is the largest state,0,15,0%,57.2
state mottos,0,15,0%,57.47
states of usa and their capitals,0,15,0%,59.73
wnba teams,0,15,0%,60
state capitols,0,15,0%,66.47
az texas,0,15,0%,67.2
state bird,0,15,0%,89.4
list of us state flags that feature a bird,0,14,0%,1
what state capitals are named after presidents,0,14,0%,7.86
wyoming idaho border length kilometers,0,14,0%,9.21
what state capital has the highest elevation,0,14,0%,9.5
state sybols,0,14,0%,9.71
march 26 1928 state motto adoption,0,14,0%,9.79
is gas cheaper in indiana or illinois,0,14,0%,10.57
what is the state color of arkansas,0,14,0%,11.07
what is the state color of illinois,0,14,0%,11.14
highest state capital in us,0,14,0%,11.29
highest state gas taxes us 2026,0,14,0%,11.5
montana idaho border length miles,0,14,0%,13
state license plate slogans,0,14,0%,25.5
hawaii state vs california state taxes online comparison,0,14,0%,25.86
smallest states by area,0,14,0%,25.93
compare massachusetts state tax with new hampshire,0,14,0%,27.64
ct state tax vs new york state tax,0,14,0%,28.71
montana vs alaska,0,14,0%,31.93
compare ma state taxes with nh state taxes,0,14,0%,32.57
massachusetts state tax vs new hampshire state tax,0,14,0%,33.36
american states by size,0,14,0%,36.5
california state motto,0,14,0%,38.36
us state borders,0,14,0%,39.64
smallest states,0,14,0%,43.5
largest states,0,14,0%,47.71
washington vs oregon,0,14,0%,49.57
largest state in us,0,14,0%,51
what is the biggest state in the united states,0,14,0%,54.21
largest state of us,0,14,0%,58.64
connecticut new york,0,14,0%,59.07
list of state capitals,0,14,0%,62.36
texas symbols,0,14,0%,65.57
usa capital name,0,14,0%,68.93
minimum wage state by state,0,14,0%,86.14
state flower texas,0,14,0%,86.57
list of us state flags that contain a bird,0,13,0%,1
which us state flags have birds,0,13,0%,1
wnba california teams,0,13,0%,2.23
what states border kentucky,0,13,0%,4.46
us state icons,0,13,0%,5.54
what are some state symbols,0,13,0%,6.54
"""only state motto"" or ""unique state motto"" language or french or german or 
latin",0,13,0%,6.62
what is massachusetts state tree,0,13,0%,7.62
how many wnba teams are in california,0,13,0%,7.77
does mississippi share a border with missouri,0,13,0%,8.15
us state symbols list,0,13,0%,8.54
statesymbols,0,13,0%,9.31
"""sunny days per year"" ""texas""",0,13,0%,9.54
"us state capital population 39,403 2020 census",0,13,0%,10.15
us states by size largest to smallest,0,13,0%,10.15
state color of georgia,0,13,0%,11.38
us state capitals named after presidents,0,13,0%,13
biggest to smallest states,0,13,0%,15.08
largest to smallest states,0,13,0%,15.38
what states border alaska,0,13,0%,15.46
state capitals population,0,13,0%,16.08
largest us state by land area,0,13,0%,17.54
kansas state motto in english,0,13,0%,20.85
state seals,0,13,0%,23.08
state nicknames list,0,13,0%,23.85
florida's nickname,0,13,0%,26.85
what is a state symbol,0,13,0%,27.54
which state borders the most states,0,13,0%,29.46
new york state symbols,0,13,0%,38.69
pennsylvania state animal,0,13,0%,40.23
texas state motto,0,13,0%,45.38
new york symbols,0,13,0%,46.15
gas tax by state,0,13,0%,51.23
states of america and their capitals,0,13,0%,51.31
us state nicknames,0,13,0%,53.77
florida symbols,0,13,0%,60.38
largest state in the united states of america,0,13,0%,61.23
list of states and capitals,0,13,0%,61.31
magnolia state,0,13,0%,62.85
capitals list,0,13,0%,65.15
florida sunshine state,0,13,0%,66.46
us capital city,0,13,0%,66.54
us state capitals map,0,13,0%,69.54
what biggest state in usa,0,13,0%,70.15
usa capitals,0,13,0%,71.08
which state flags have birds on them,0,12,0%,1.17
which state flags have birds,0,12,0%,1.5
average annual temperature by state noaa florida 70.7 texas 64.8,0,12,0%,4.83
idaho borders british columbia and six states official,0,12,0%,5.83
state flags that look like other countries,0,12,0%,6.08
"""si monumentum requiris, circumspice"" state motto",0,12,0%,6.17
kansas license plate motto,0,12,0%,6.17
"""si monumentum requiris circumspice"" state motto",0,12,0%,6.25
current average gas price california vs texas,0,12,0%,6.25
state symbles usa,0,12,0%,7.42
us states with minimum marriage age 18 no exceptions 2026,0,12,0%,7.67
"""only state motto"" french or latin or language",0,12,0%,8.5
state logos and names,0,12,0%,8.58
currentresults average annual temperatures by state florida texas,0,12,0%,9
us state gas tax rates ranking 2026,0,12,0%,9.08
list of state beverages,0,12,0%,9.33
is gas cheaper in indiana than illinois,0,12,0%,9.75
"""new york"" state rank by total area",0,12,0%,10.75
is gas cheaper in illinois or indiana,0,12,0%,11.17
what states border arizona,0,12,0%,11.25
states by size largest to smallest,0,12,0%,11.83
what is florida state nickname,0,12,0%,12.67
us states minimum marriage age with parental consent 2025 or 2026,0,12,0%,13.92
what is colorado's motto,0,12,0%,14.75
list of state trees,0,12,0%,15.58
mississippi sales tax vs alabama sales tax,0,12,0%,17.08
top 10 windiest states,0,12,0%,17.83
which state has the most bordering states,0,12,0%,18.33
what states border alabama,0,12,0%,20.67
state capital populations,0,12,0%,22.25
smallest us state by area,0,12,0%,26.42
wnba teams map,0,12,0%,29.33
mississippi nickname,0,12,0%,30.17
state color,0,12,0%,30.33
state tax connecticut vs new york,0,12,0%,32.92
what are people from illinois called,0,12,0%,33.67
kansas motto,0,12,0%,39.25
new jersey vs new york,0,12,0%,39.67
us states size,0,12,0%,41.92
california motto,0,12,0%,42.08
state dinosaurs,0,12,0%,44.75
nevada vs california,0,12,0%,47.75
us states in order of size,0,12,0%,48.25
largest states in usa,0,12,0%,50.83
rhode island state flower,0,12,0%,52.17
is nc as cheap to live as ga,0,12,0%,52.92
states capitals list,0,12,0%,55.83
united states capitals list,0,12,0%,55.83
tallest building in the us,0,12,0%,56.58
capital cities of america,0,12,0%,57
state capitals in alphabetical order,0,12,0%,57
all state capitals,0,12,0%,57.17
united states national animal,0,12,0%,59.33
cost of living texas vs florida,0,12,0%,59.5
whats the biggest state in the us,0,12,0%,61.08
us symbols,0,12,0%,62.92
new hampshire massachusetts,0,12,0%,64
us state capital cities,0,12,0%,64.25
texas motto,0,12,0%,64.67
us states and capital cities,0,12,0%,64.75
texas state animal,0,12,0%,65.08
all capitals,0,12,0%,68.5
state capitals usa,0,12,0%,70.42
usa states and capitals,0,12,0%,72.25
capitals and states,0,12,0%,74.58
state flags with birds list,0,11,0%,1
list of us states with bird on flag,0,11,0%,2.27
"""73 years"" ""naming the genus""",0,11,0%,3.27
"""only state motto"" language or latin or french or german or spanish",0,11,0%,3.36
"""list of u.s. state flowers"" scientific name",0,11,0%,3.91
"""only state motto"" language or latin or french or spanish",0,11,0%,4.09
what is new mexico's bordering states,0,11,0%,4.45
"""only state motto"" or ""unique state motto"" language",0,11,0%,5
south dakota borders north dakota minnesota iowa nebraska wyoming montana,0,11,0%,5
what 4 state capitals are named after presidents,0,11,0%,5
wyoming utah border length,0,11,0%,5.09
printable list of state birds in alphabetical order,0,11,0%,5.82
"""si monumentum requiris"" state motto",0,11,0%,6
"""only state motto"" or ""unique state motto"" language or latin or french or 
greek",0,11,0%,7.73
is gas cheaper in ma or ct,0,11,0%,8.27
"""population 18,900"" 2020 census",0,11,0%,8.64
"""sunny days per year"" louisiana",0,11,0%,8.91
which states border arkansas,0,11,0%,9.18
us state gas tax rates 2026 highest to lowest,0,11,0%,9.36
average annual temperature by state florida 70.7 texas 64.8 noaa,0,11,0%,9.64
state capitals named for presidents,0,11,0%,9.64
what is the state color of washington,0,11,0%,9.64
what other states does alabama border,0,11,0%,9.82
state symboles,0,11,0%,9.91
"""sunny days per year"" georgia state",0,11,0%,10.45
what states does it not snow,0,11,0%,11.27
us states biggest to smallest,0,11,0%,11.91
what is the state color of kentucky,0,11,0%,12.18
new jersey demonym,0,11,0%,12.36
states logos,0,11,0%,15.36
demonyms for us states,0,11,0%,16.18
connecticut sales tax vs new york sales tax,0,11,0%,16.27
smallest us state by land area,0,11,0%,16.82
states and symbols,0,11,0%,17
what state has the most bordering states,0,11,0%,18.36
what is georgia's state motto,0,11,0%,18.91
alabama state motto in english,0,11,0%,19.09
license plate slogans,0,11,0%,20.82
what states border missouri,0,11,0%,21.09
what is arizona's state motto,0,11,0%,22.91
what is the second biggest state,0,11,0%,26.91
is florida hotter than arizona,0,11,0%,27.91
florida state nickname,0,11,0%,30.27
what state borders most states,0,11,0%,30.73
ct state taxes vs ny state taxes,0,11,0%,35.55
smallest state usa,0,11,0%,36.82
us states flags quiz,0,11,0%,36.82
what is the state motto,0,11,0%,37.09
compare california state tax rate vs texas state tax rate,0,11,0%,37.27
states by acreage,0,11,0%,38.09
indiana state taxes vs illinois state taxes,0,11,0%,41
compare ct tax return requirements vs massachusetts,0,11,0%,41.09
state trees,0,11,0%,43.18
2nd largest state in usa,0,11,0%,43.64
connecticut sales tax vs. other states,0,11,0%,43.64
biggest state in us by area,0,11,0%,44.82
new york nj,0,11,0%,46.18
largest united states state,0,11,0%,52.09
capital cities of the united states,0,11,0%,54.09
capital cities of states,0,11,0%,56.82
deepest lake in america,0,11,0%,57.73
capital of usa states,0,11,0%,58.36
new york state animal,0,11,0%,59.36
america's biggest state,0,11,0%,59.91
capital cities us states,0,11,0%,60.27
what is florida's state motto,0,11,0%,60.45
what is the biggest state in america,0,11,0%,61.09
50 states and capitals of the united states,0,11,0%,61.64
mississippi the magnolia state,0,11,0%,62.55
what is the largest state in the us,0,11,0%,62.91
florida vs texas cost of living,0,11,0%,63
what is the largest state in america,0,11,0%,63.09
tipped minimum wage by state 2022,0,11,0%,65.09
united states size,0,11,0%,67.73
states and capital,0,11,0%,68.27
alaska state mammal,0,11,0%,69.82
arizona nevada,0,11,0%,70.18
capital united states,0,11,0%,71.36
capital states,0,11,0%,74.36
us minimum wage by state,0,11,0%,84.73
list of us state flags featuring birds,0,10,0%,1
site:usasymbol.com,0,10,0%,2
every wnba team,0,10,0%,3.3
"""sunny days per year"" ""oklahoma""",0,10,0%,5.5
"""only state motto"" language or greek or latin or french",0,10,0%,5.7
when was ad astra per aspera adopted by kansas,0,10,0%,5.7
states and their symbols,0,10,0%,6.4
what states border maine,0,10,0%,6.6
"""sunny days per year"" nebraska",0,10,0%,6.7
state sybols usa,0,10,0%,6.9
average us state gas tax rates 2026,0,10,0%,7.5
us states official mottos languages,0,10,0%,7.5
symbols for each state,0,10,0%,7.8
what is vermont's state flower,0,10,0%,7.8
most popular sport in each state,0,10,0%,8.7
super state symbols,0,10,0%,8.9
oklahoma borders which states,0,10,0%,9.2
does texas have a state color,0,10,0%,9.5
which states border both south dakota and illinois,0,10,0%,9.8
wisconsin sales tax vs illinois,0,10,0%,9.8
what is the state color of mississippi,0,10,0%,10.1
what is arizonas motto,0,10,0%,10.5
what is missouri's state tree,0,10,0%,10.5
state drinks list,0,10,0%,10.6
"""myosotis"" ""mouse ear"" alaska state flower",0,10,0%,10.8
what is the state color of minnesota,0,10,0%,10.8
what is the state color of missouri,0,10,0%,11.2
is gas cheaper in wisconsin or illinois,0,10,0%,11.6
north dakota state nickname,0,10,0%,11.7
what is georgia's motto,0,10,0%,11.7
cost of living in maine vs texas,0,10,0%,13.3
what states border tennessee,0,10,0%,13.3
state birds list with pictures,0,10,0%,14
highest gas tax states us 2026 latest,0,10,0%,14.2
how many states border iowa,0,10,0%,15.6
list wnba teams,0,10,0%,16.4
state symbols of the usa,0,10,0%,16.5
neighboring states,0,10,0%,19.5
top 10 deepest lakes in the us,0,10,0%,20.1
what is alabama's state nickname,0,10,0%,21
what is the second largest state,0,10,0%,22.2
what state borders the most states,0,10,0%,22.2
population of state capitals,0,10,0%,24.9
capital city of each state,0,10,0%,25.9
living in arizona vs colorado,0,10,0%,30.3
smallest us states,0,10,0%,31.3
flags that look like the us flag,0,10,0%,32.4
living in colorado vs arizona,0,10,0%,32.6
which state is the biggest,0,10,0%,33.2
area of us states,0,10,0%,34.1
largest us state by area,0,10,0%,34.8
flags that look like the american flag,0,10,0%,35.5
american state nicknames,0,10,0%,36.4
hawaii state symbols,0,10,0%,37.3
connecticut vs massachusetts tax return,0,10,0%,37.9
cost of living in florida vs california,0,10,0%,39
new york vs new jersey,0,10,0%,39.4
state sizes,0,10,0%,39.8
size of us states,0,10,0%,40.9
new jersey ny,0,10,0%,43.9
gas tax by state highest to lowest,0,10,0%,45
what is the sunshine state,0,10,0%,45
mississippi department of revenue vs. alabama department of revenue,0,10,0%,45.2
list of state birds,0,10,0%,45.4
florida state symbols,0,10,0%,45.8
colorado state dinosaur,0,10,0%,47.4
indiana state symbols,0,10,0%,49.5
ca vs fl,0,10,0%,51
state of texas emblems,0,10,0%,51.5
all us state flags,0,10,0%,51.8
california state mammal,0,10,0%,53.2
united states nickname,0,10,0%,53.5
symbols of the usa,0,10,0%,54.4
states in order of size,0,10,0%,55.3
new york florida,0,10,0%,56.5
all states and capitals,0,10,0%,57.3
united states borders,0,10,0%,59.1
state capital usa,0,10,0%,59.4
new jersey state flower,0,10,0%,60.1
capital of us states,0,10,0%,61.9
capital state of usa,0,10,0%,62.2
capitals of america,0,10,0%,62.3
breweries by state,0,10,0%,63.6
america capital cities,0,10,0%,63.8
all 50 states and capitals,0,10,0%,64.1
all state flags,0,10,0%,64.4
capitals usa,0,10,0%,65.7
biggest states in the world,0,10,0%,65.9
biggest states,0,10,0%,66.9
what's the biggest state in the united states,0,10,0%,67.6
alaska state animal,0,10,0%,67.7
50 states of usa with capitals,0,10,0%,68
land area in usa,0,10,0%,68
what is the capital state of usa,0,10,0%,72
new york state bird,0,10,0%,76.1
facts about bluebonnet,0,10,0%,83
all states minimum wage,0,10,0%,91.2
which us state flags have birds on them list,0,9,0%,1
"data usa maine ""most common occupation"" 2020",0,9,0%,2.33
"louisiana total area square miles 52,378",0,9,0%,3.33
what states border connecticut,0,9,0%,4.11
"""only state motto"" language or french or german or italian",0,9,0%,4.44
what states border maryland,0,9,0%,4.78
state resident nicknames,0,9,0%,5
what states border south carolina,0,9,0%,5.22
resident names,0,9,0%,6.11
"""only state motto"" language or latin or french or german or greek",0,9,0%,6.78
"""scientific name"" ""state flower"" ""horn""",0,9,0%,7
"""only state motto"" language or latin or french or greek or german",0,9,0%,7.33
all state trees,0,9,0%,7.56
what is the official bird of pennsylvania,0,9,0%,8.22
is gas cheaper in maine or new hampshire,0,9,0%,8.33
us state gasoline tax rates by state 2026,0,9,0%,8.33
us gas tax by state 2026,0,9,0%,8.56
state symbles,0,9,0%,8.89
state bordering tenn,0,9,0%,9.22
state gas tax rates by state 2026,0,9,0%,9.33
state bird us states 2023 official symbols,0,9,0%,9.44
what is new hampshire's state tree,0,9,0%,9.44
statesymbols usa,0,9,0%,9.78
list of state drinks,0,9,0%,10
sales tax maryland vs virginia,0,9,0%,10
us state beverages,0,9,0%,10.67
state color of utah,0,9,0%,11
us state gas tax rates 2026,0,9,0%,11.22
list of state capitals by population,0,9,0%,11.33
state color of hawaii,0,9,0%,11.33
highest us state capital,0,9,0%,11.56
wnba states,0,9,0%,13.11
states that get no snow,0,9,0%,13.22
what states never get snow,0,9,0%,14.11
what state does not get snow,0,9,0%,14.56
states from largest to smallest,0,9,0%,14.78
what is south dakota's state animal,0,9,0%,15.22
states biggest to smallest,0,9,0%,18.56
nickname kentucky,0,9,0%,19.78
what states border california,0,9,0%,19.78
ny state beverage,0,9,0%,21.78
symbols of state,0,9,0%,22.44
states icons,0,9,0%,25.89
what is mississippi's nickname,0,9,0%,25.89
businesses in nevada vs. alaska,0,9,0%,26
what states border colorado,0,9,0%,28.78
kansas state motto,0,9,0%,30.22
is texas hotter than arizona,0,9,0%,32.22
smallest state capital,0,9,0%,32.44
vermont state motto,0,9,0%,33.11
is montana the biggest state,0,9,0%,33.78
pennsylvania state nickname,0,9,0%,34.11
state nickname,0,9,0%,34.78
massachusetts vs new hampshire state tax,0,9,0%,34.89
states ranked by size,0,9,0%,34.89
smallest state by area,0,9,0%,35.11
oldest colleges in the us,0,9,0%,35.89
state flag quiz,0,9,0%,36.22
symbols of new york,0,9,0%,37
what is delaware's state animal,0,9,0%,37
official state symbols of indiana,0,9,0%,38.44
massachusetts state mammal,0,9,0%,38.56
texas compared to alaska,0,9,0%,39.11
what are people from kansas called,0,9,0%,39.22
land area by state,0,9,0%,40.78
louisiana neighboring states,0,9,0%,40.89
alaska vs texas,0,9,0%,41.89
is alabama cheaper than georgia,0,9,0%,42.22
maine state tax burden compared to new hampshire,0,9,0%,42.44
what is michigan's state mammal,0,9,0%,42.78
state borders,0,9,0%,43
maine vs new hampshire,0,9,0%,43.44
state border,0,9,0%,43.56
deepest lakes in north america,0,9,0%,43.89
compare state taxes: california vs texas,0,9,0%,44.11
biggest u.s. state,0,9,0%,44.78
10 largest us states,0,9,0%,45
us largest state,0,9,0%,46.33
united states motto,0,9,0%,47.11
colorado state animal,0,9,0%,47.67
deepest lake in the united states,0,9,0%,48
massachusetts state flower,0,9,0%,48.22
2nd largest us state,0,9,0%,48.78
second smallest state in usa,0,9,0%,49.56
is florida the sunshine state,0,9,0%,50.44
north carolina vs tennessee,0,9,0%,51.22
what state is florida known as,0,9,0%,51.22
california and washington,0,9,0%,51.44
deepest lake in north america,0,9,0%,52.78
is texas the biggest state,0,9,0%,52.78
pa state plant,0,9,0%,53
deepest lake in us,0,9,0%,53.44
what is the largest state in the united states,0,9,0%,53.44
new york state motto,0,9,0%,53.78
biggest state in us,0,9,0%,54.56
living in texas vs florida,0,9,0%,55.11
state flower of new york,0,9,0%,55.56
nicknames of states,0,9,0%,56.11
pennsylvania nickname,0,9,0%,57.67
california state animals,0,9,0%,57.78
50 capital cities of america,0,9,0%,58.33
what are the capitals of the 50 states,0,9,0%,59.78
united states states and capitals,0,9,0%,60.78
american states and capital cities,0,9,0%,60.89
florida the sunshine state,0,9,0%,61.78
florida state motto,0,9,0%,62
which is the largest state in america,0,9,0%,62
state animal texas,0,9,0%,62.33
list of capitals,0,9,0%,62.56
state and capital,0,9,0%,63.22
the biggest state in usa,0,9,0%,64.33
state animal for california,0,9,0%,65.11
america border countries,0,9,0%,65.33
capital city of the united states of america,0,9,0%,65.56
state seal,0,9,0%,66.44
us capitals map,0,9,0%,66.67
capital in the usa,0,9,0%,67
50 states 50 capitals,0,9,0%,67.44
list of us states and capitals,0,9,0%,67.44
vermont cost of living,0,9,0%,71.33
capitals united states,0,9,0%,72.44
usa area km2,0,9,0%,73.44
biggest state in the united states of america,0,9,0%,76.44
which is the biggest state in usa,0,9,0%,76.89
capitals of the united states,0,9,0%,78
florida state animal,0,9,0%,80.89
texas state flower,0,9,0%,82.56
beaver state,0,9,0%,85.33
texas state flower bluebonnet,0,9,0%,86.56
minimum wage all states,0,9,0%,90.67
cost of living in new hampshire,0,9,0%,91.11
us states flags with birds list,0,8,0%,1
"u.s. state motto inspired by latin inscription christopher wren st. paul's 
cathedral",0,8,0%,1.5
"""sunny days per year"" mississippi",0,8,0%,4.88
what large body of water borders north carolina,0,8,0%,5
us state logos,0,8,0%,5.5
what states border nebraska,0,8,0%,5.75
"""only state motto"" or ""unique state motto"" language or latin or greek or 
french",0,8,0%,6
us states ranked by population density 2025 or 2026,0,8,0%,6.5
"""official state flower"" ""mouse ear""",0,8,0%,6.62
us states by population density 2026,0,8,0%,6.88
united states state symbols,0,8,0%,7
most popular sport by state,0,8,0%,7.38
us state capitals by elevation,0,8,0%,7.38
"""only state motto"" or ""unique state motto"" language or latin or french",0,8,0%,7.62
state crests,0,8,0%,8
animals on state flags,0,8,0%,8.12
what is hawaii's state motto in english,0,8,0%,8.75
"""only state motto"" or ""unique state motto"" language or latin or french or 
german",0,8,0%,9
"""sunny days per year"" georgia",0,8,0%,9.12
"""sunny days per year"" nevada",0,8,0%,9.25
what is missouri's state motto,0,8,0%,9.25
oklahoma borders states,0,8,0%,9.38
which state motto adopted march 26 1928,0,8,0%,9.38
is new york bigger than massachusetts,0,8,0%,9.62
"""myosotis alpestris"" ""ear"" alaska state flower",0,8,0%,9.75
state capital population 50649 2024,0,8,0%,9.75
us states gas tax rates ranking 2026,0,8,0%,9.88
"massachusetts area 10,554 square miles",0,8,0%,10
states bordering pennsylvania list,0,8,0%,10
oldest cities in the united states by founding date,0,8,0%,10.12
floridas state color,0,8,0%,10.38
all states logo,0,8,0%,10.5
what is texas's state tree,0,8,0%,10.5
state simbols,0,8,0%,10.75
soda consumption by state,0,8,0%,10.88
symbols for states,0,8,0%,10.88
us state flags that contain a bird,0,8,0%,11
is connecticut bigger than new jersey,0,8,0%,11.25
capitals named after presidents,0,8,0%,11.5
state color of illinois,0,8,0%,11.62
highest gas tax states us 2026,0,8,0%,11.88
state color of new york,0,8,0%,12
what states border oregon,0,8,0%,12
what is the state color of georgia,0,8,0%,12.12
what states do not get snow,0,8,0%,12.12
us states with lowest minimum marriage age 2026,0,8,0%,12.25
largest to smallest states in usa,0,8,0%,12.88
maryland vs virginia sales tax,0,8,0%,13
what is new jersey's state motto,0,8,0%,13.25
sales tax indiana vs illinois,0,8,0%,13.38
cost of living in arkansas vs texas,0,8,0%,14
missouri state motto in english,0,8,0%,15.5
minimum marriage age by state us 2026,0,8,0%,16
state trees list,0,8,0%,16.12
what is pennsylvania's state motto,0,8,0%,17
5 smallest states by area,0,8,0%,18
what states border oklahoma,0,8,0%,20.25
what is florida's state nickname,0,8,0%,20.38
list of state animals,0,8,0%,20.5
rhode island state bird and flower,0,8,0%,21.62
list of state mottos,0,8,0%,22.75
what are people called from each state,0,8,0%,22.75
hawaii state tax vs california state tax,0,8,0%,24
symbols of usa states,0,8,0%,24.12
state government symbols,0,8,0%,25.38
smallest us states by area,0,8,0%,25.5
how many states border kentucky,0,8,0%,26
largest state capitals,0,8,0%,26.62
kentucky state nickname,0,8,0%,28.12
hawaii state tax percentage vs california,0,8,0%,28.38
symbols of the state,0,8,0%,30.12
compare maryland vs virginia state tax filing,0,8,0%,32.88
which us state borders the most other states,0,8,0%,32.88
states that border,0,8,0%,33.12
california state nicknames,0,8,0%,34
"""largest us state""",0,8,0%,34.25
rhode island state symbols,0,8,0%,34.25
us states smallest,0,8,0%,34.25
us state flags quiz,0,8,0%,34.5
nickname for florida,0,8,0%,35.25
us state flag quiz,0,8,0%,35.38
pa state nickname,0,8,0%,35.75
how many states border missouri,0,8,0%,35.88
deepest lakes in us,0,8,0%,37.75
united states state borders,0,8,0%,37.88
list of states by area,0,8,0%,38.25
massachusetts state tax vs. new hampshire state tax,0,8,0%,38.5
second largest state,0,8,0%,38.88
living in arizona vs florida,0,8,0%,39.5
texas or florida,0,8,0%,40.5
largest american states,0,8,0%,41.25
american state mottos,0,8,0%,41.5
arizona vs california state tax comparison,0,8,0%,41.5
largest states in america by area,0,8,0%,41.88
nickname of florida,0,8,0%,42.25
biggest state usa,0,8,0%,43.38
largest states by size,0,8,0%,43.38
is connecticut in new york,0,8,0%,43.5
what is mississippi's state tree,0,8,0%,44.62
what is the smallest state,0,8,0%,45.25
ca state motto,0,8,0%,45.75
ohio state drink,0,8,0%,45.75
states and its capital,0,8,0%,45.75
california's motto,0,8,0%,47.25
smallest state in area,0,8,0%,48.25
usa largest state,0,8,0%,48.5
what is the motto of the united states,0,8,0%,50.25
capital us states,0,8,0%,51