Популярные страницы,Kлики,Показы,CTR,Позиция
https://usasymbol.com/,83,7752,1.07%,10.51
https://usasymbol.com/collections/flags/states-with-animals-on-the-flag,67,1735,3.86%,6.38
https://usasymbol.com/rankings/geography/state-capitals-by-elevation,18,884,2.04%,9.23
https://usasymbol.com/symbols/colors,14,4297,0.33%,10.2
https://usasymbol.com/rankings/sports/wnba-teams-by-state,11,1382,0.8%,12.29
https://usasymbol.com/symbols/license-plate-slogans,11,1162,0.95%,12.72
https://usasymbol.com/symbols/trees,11,867,1.27%,22.64
https://usasymbol.com/symbols/mottos,6,5079,0.12%,13.51
https://usasymbol.com/rankings/taxes/vehicle-property-tax-by-state,6,1552,0.39%,7.29
https://usasymbol.com/symbols/mammals,6,1379,0.44%,32.99
https://usasymbol.com/states/utah/borders,6,778,0.77%,7.4
https://usasymbol.com/rankings/sports/most-popular-sport-by-state,6,468,1.28%,8.49
https://usasymbol.com/rankings/geography/windiest-states-in-the-us,6,464,1.29%,15.78
https://usasymbol.com/symbols/state-seals,5,1889,0.26%,9.51
https://usasymbol.com/symbols/flowers,5,1597,0.31%,21.81
https://usasymbol.com/rankings/geography/state-capitals-not-largest-city,5,719,0.7%,13.45
https://usasymbol.com/rankings/sports/most-popular-professional-sports-team-by-state,5,212,2.36%,9.31
https://usasymbol.com/compare-states,4,1193,0.34%,10.12
https://usasymbol.com/states/wisconsin/borders,4,776,0.52%,7.3
https://usasymbol.com/rankings/infrastructure/railroad-miles-by-state,4,273,1.47%,5.69
https://usasymbol.com/states/louisiana/flag/louisiana-state-flag,4,221,1.81%,8.31
https://usasymbol.com/collections/flags/state-flags-that-look-like-country-flags,4,181,2.21%,11.04
https://usasymbol.com/states/nebraska/beverage/milk,4,25,16%,7.04
https://usasymbol.com/rankings/geography/states-by-land-area,3,9229,0.03%,38.87
https://usasymbol.com/rankings/geography/states-capital-cities,3,8581,0.03%,51.04
https://usasymbol.com/states/delaware/borders,3,1191,0.25%,7.61
https://usasymbol.com/symbols/birds,3,1184,0.25%,32.37
https://usasymbol.com/states/michigan/borders,3,1091,0.27%,8.98
https://usasymbol.com/states/alabama/borders,3,621,0.48%,9.5
https://usasymbol.com/states/pennsylvania,3,604,0.5%,39.53
https://usasymbol.com/rankings/demographics/states-by-population-density,3,570,0.53%,10.26
https://usasymbol.com/compare/california-vs-nevada/gas-price,3,360,0.83%,8.85
https://usasymbol.com/states/vermont/borders,3,292,1.03%,6.82
https://usasymbol.com/states/rhode-island,3,282,1.06%,41.78
https://usasymbol.com/collections/flags/state-flags-with-eagles,3,228,1.32%,4.87
https://usasymbol.com/states/west-virginia/borders,3,165,1.82%,8.08
https://usasymbol.com/compare/california-vs-texas/summer-temperature,3,161,1.86%,7.63
https://usasymbol.com/states/washington/mammal/orca,3,145,2.07%,11.18
https://usasymbol.com/states/rhode-island/tree/red-maple,3,102,2.94%,8.42
https://usasymbol.com/states/alaska/surnames,3,45,6.67%,6.87
https://usasymbol.com/states/rhode-island/mammal/harbor-seal,3,38,7.89%,11.55
https://usasymbol.com/states/kentucky/color,3,25,12%,5.84
https://usasymbol.com/compare/maine-vs-texas/violent-crime,3,8,37.5%,3.88
https://usasymbol.com/states/rhode-island/borders,2,3538,0.06%,6.56
https://usasymbol.com/states/tennessee/borders,2,2192,0.09%,8.13
https://usasymbol.com/states/indiana/borders,2,2066,0.1%,7.75
https://usasymbol.com/collections/flags/states-with-birds-on-the-flag,2,1694,0.12%,2.27
https://usasymbol.com/symbols/beverages,2,1538,0.13%,17.8
https://usasymbol.com/states/south-dakota/borders,2,956,0.21%,7.02
https://usasymbol.com/rankings/sports/states-no-big-4-sports-teams,2,625,0.32%,9.43
https://usasymbol.com/states/maine/borders,2,464,0.43%,9.1
https://usasymbol.com/collections/flags/states-with-bears-on-the-flag,2,377,0.53%,20.58
https://usasymbol.com/collections/flags/us-peace-flag-vs-war-flag,2,334,0.6%,8.31
https://usasymbol.com/states/louisiana/borders,2,271,0.74%,9.16
https://usasymbol.com/compare/florida-vs-new-york/violent-crime,2,195,1.03%,9.59
https://usasymbol.com/states/hawaii,2,186,1.08%,58.01
https://usasymbol.com/collections/flags/states-with-one-star-on-the-flag,2,180,1.11%,7.41
https://usasymbol.com/states/virginia/tree/flowering-dogwood,2,166,1.2%,9.22
https://usasymbol.com/rankings/health/soda-consumption-by-state,2,141,1.42%,13.04
https://usasymbol.com/states/arizona/motto/ditat-deus,2,113,1.77%,9.32
https://usasymbol.com/compare/new-york-vs-texas/summer-temperature,2,105,1.9%,6.32
https://usasymbol.com/states/georgia/motto/wisdom-justice-and-moderation,2,84,2.38%,7.74
https://usasymbol.com/compare/north-carolina-vs-tennessee,2,84,2.38%,25.18
https://usasymbol.com/states/indiana/surnames,2,81,2.47%,8.38
https://usasymbol.com/states/south-dakota/motto/under-god-the-people-rule,2,67,2.99%,9.03
https://usasymbol.com/states/oklahoma/tree/redbud,2,63,3.17%,11.13
https://usasymbol.com/states/michigan/surnames,2,57,3.51%,9.33
https://usasymbol.com/states/oregon/license-plate/pacific-wonderland,2,53,3.77%,7.11
https://usasymbol.com/states/kansas/nickname/the-sunflower-state,2,43,4.65%,12.77
https://usasymbol.com/states/south-dakota/flag/south-dakota-state-flag,2,33,6.06%,8.97
https://usasymbol.com/states/new-jersey/color/jersey-blue-and-buff,2,31,6.45%,8.19
https://usasymbol.com/compare/maine-vs-pennsylvania/winter-temperature,2,30,6.67%,7.6
https://usasymbol.com/states/florida/mammal/florida-panther,2,30,6.67%,21.07
https://usasymbol.com/states/new-jersey/nickname/the-garden-state,2,29,6.9%,18.59
https://usasymbol.com/compare/maine-vs-pennsylvania/income-tax,2,23,8.7%,7.09
https://usasymbol.com/compare/oregon-vs-washington/alcohol-laws,2,12,16.67%,6.58
https://usasymbol.com/compare/arizona-vs-colorado/annual-precipitation,2,11,18.18%,6.91
https://usasymbol.com/compare/california-vs-texas/governor-party,2,11,18.18%,7.36
https://usasymbol.com/compare/alabama-vs-virginia/income-tax,2,11,18.18%,12.55
https://usasymbol.com/compare/arizona-vs-washington/marijuana-legalization,2,9,22.22%,5.67
https://usasymbol.com/compare/connecticut-vs-massachusetts/presidential-voting-margin,2,7,28.57%,7.57
https://usasymbol.com/rankings/geography/states-neighboring-states,1,5889,0.02%,32
https://usasymbol.com/rankings/economy/gas-tax-by-state,1,2620,0.04%,14.22
https://usasymbol.com/rankings/law/marriage-age-by-state,1,2053,0.05%,18.71
https://usasymbol.com/rankings/geography/states-resident-names,1,1956,0.05%,13.37
https://usasymbol.com/states/ohio/borders,1,1694,0.06%,8.24
https://usasymbol.com/states/idaho/borders,1,1541,0.06%,7.79
https://usasymbol.com/collections/capitals/state-capitals-named-after-presidents,1,1370,0.07%,9.03
https://usasymbol.com/states/oklahoma/borders,1,1359,0.07%,8.06
https://usasymbol.com/compare/florida-vs-texas/average-temperature,1,1210,0.08%,6.07
https://usasymbol.com/symbols,1,1188,0.08%,14.01
https://usasymbol.com/states/missouri/borders,1,1059,0.09%,9.03
https://usasymbol.com/rankings/infrastructure/largest-airport-by-state,1,1055,0.09%,25.2
https://usasymbol.com/states/california/borders,1,1033,0.1%,9.25
https://usasymbol.com/states/alaska/flower/forget-me-not,1,924,0.11%,13.34
https://usasymbol.com/states/kentucky/borders,1,875,0.11%,8.27
https://usasymbol.com/rankings/government/states-order-of-succession,1,820,0.12%,16.73
https://usasymbol.com/rankings/geography/states-with-no-snow,1,796,0.13%,13.91
https://usasymbol.com/states/iowa/borders,1,788,0.13%,12.65
https://usasymbol.com/states/new-york,1,706,0.14%,50.84
https://usasymbol.com/states/illinois/borders,1,688,0.15%,9.13
https://usasymbol.com/states/arkansas/borders,1,647,0.15%,8.8
https://usasymbol.com/rankings/geography/deepest-lakes-in-the-us,1,590,0.17%,37.24
https://usasymbol.com/symbols/flags,1,481,0.21%,37.8
https://usasymbol.com/states/colorado/borders,1,465,0.22%,8.55
https://usasymbol.com/states/connecticut/borders,1,465,0.22%,9.42
https://usasymbol.com/compare/california-vs-texas/gas-price,1,450,0.22%,8.66
https://usasymbol.com/rankings/geography/oldest-city-by-state,1,444,0.23%,7.86
https://usasymbol.com/symbols/dinosaurs,1,362,0.28%,34.45
https://usasymbol.com/states/california/motto/eureka,1,337,0.3%,25.69
https://usasymbol.com/states/south-carolina/borders,1,322,0.31%,7.75
https://usasymbol.com/states/mississippi/borders,1,322,0.31%,8.82
https://usasymbol.com/compare/alabama-vs-georgia/gas-price,1,239,0.42%,8.55
https://usasymbol.com/compare/alabama-vs-mississippi/income-tax,1,238,0.42%,12.69
https://usasymbol.com/states/mississippi/nickname/the-magnolia-state,1,232,0.43%,43.93
https://usasymbol.com/compare/oregon-vs-washington/annual-precipitation,1,225,0.44%,6.79
https://usasymbol.com/compare/alabama-vs-georgia,1,220,0.45%,19.39
https://usasymbol.com/states/colorado/surnames,1,203,0.49%,6.74
https://usasymbol.com/states/florida/surnames,1,200,0.5%,8.47
https://usasymbol.com/states/massachusetts/license-plate/the-spirit-of-america,1,197,0.51%,5.76
https://usasymbol.com/states/kansas/motto,1,181,0.55%,6.22
https://usasymbol.com/states/rhode-island/bird/rhode-island-red,1,180,0.56%,19.85
https://usasymbol.com/compare/connecticut-vs-new-jersey,1,174,0.57%,12.17
https://usasymbol.com/states/north-dakota/nickname/the-peace-garden-state,1,164,0.61%,6.34
https://usasymbol.com/compare/connecticut-vs-new-hampshire,1,150,0.67%,11.4
https://usasymbol.com/states/california/surnames,1,144,0.69%,9.15
https://usasymbol.com/compare/new-jersey-vs-new-york/average-temperature,1,137,0.73%,5.64
https://usasymbol.com/compare/california-vs-florida/job-growth,1,133,0.75%,7.13
https://usasymbol.com/states/georgia/mammal/white-tailed-deer,1,130,0.77%,8.43
https://usasymbol.com/compare/connecticut-vs-rhode-island,1,130,0.77%,17.68
https://usasymbol.com/compare/florida-vs-georgia/average-temperature,1,129,0.78%,6.71
https://usasymbol.com/compare/connecticut-vs-new-york/gas-price,1,128,0.78%,7.6
https://usasymbol.com/states/new-hampshire/color/green-and-white,1,123,0.81%,9.31
https://usasymbol.com/compare/oregon-vs-washington/land-area,1,122,0.82%,8.43
https://usasymbol.com/compare/florida-vs-georgia/summer-temperature,1,116,0.86%,6.28
https://usasymbol.com/states/new-hampshire/mammal/white-tailed-deer,1,116,0.86%,7
https://usasymbol.com/compare/florida-vs-new-york/job-growth,1,116,0.86%,7.52
https://usasymbol.com/compare/arkansas-vs-texas,1,116,0.86%,13.46
https://usasymbol.com/compare/arkansas-vs-oklahoma/gas-price,1,114,0.88%,7.75
https://usasymbol.com/compare/florida-vs-texas/sunny-days,1,110,0.91%,7.79
https://usasymbol.com/compare/connecticut-vs-new-york/income-tax,1,110,0.91%,36.93
https://usasymbol.com/states/arkansas/tree/loblolly-pine,1,109,0.92%,10.95
https://usasymbol.com/states/arizona/surnames,1,108,0.93%,6.97
https://usasymbol.com/compare/california-vs-florida/sunny-days,1,107,0.93%,7.07
https://usasymbol.com/states/north-carolina/borders,1,107,0.93%,9.93
https://usasymbol.com/states/louisiana/color/blue-white-and-gold,1,105,0.95%,10.79
https://usasymbol.com/compare/georgia-vs-north-carolina/property-tax,1,94,1.06%,7.76
https://usasymbol.com/compare/california-vs-texas/sunny-days,1,93,1.08%,7.37
https://usasymbol.com/states/maine/color/blue-and-green,1,89,1.12%,8.55
https://usasymbol.com/states/alaska/nickname/the-last-frontier,1,88,1.14%,7.69
https://usasymbol.com/compare/delaware-vs-virginia,1,88,1.14%,8.06
https://usasymbol.com/compare/illinois-vs-wisconsin/gas-price,1,86,1.16%,9.57
https://usasymbol.com/states/hawaii/tree/kukui,1,86,1.16%,13.15
https://usasymbol.com/states/hawaii/motto/ua-mau-ke-ea-o-ka-aina-i-ka-pono,1,82,1.22%,13.77
https://usasymbol.com/compare/illinois-vs-iowa/gas-price,1,76,1.32%,8.01
https://usasymbol.com/states/arkansas/surnames,1,74,1.35%,6
https://usasymbol.com/compare/florida-vs-texas/annual-precipitation,1,70,1.43%,6.77
https://usasymbol.com/states/louisiana/license-plate/sportsmans-paradise,1,70,1.43%,7.3
https://usasymbol.com/states/ohio/surnames,1,70,1.43%,7.61
https://usasymbol.com/states/delaware/state-seal/great-seal-of-delaware,1,69,1.45%,5.13
https://usasymbol.com/compare/new-york-vs-texas/violent-crime,1,66,1.52%,8.95
https://usasymbol.com/compare/connecticut-vs-texas,1,66,1.52%,13.68
https://usasymbol.com/compare/california-vs-texas/density,1,62,1.61%,6.65
https://usasymbol.com/compare/california-vs-florida/winter-temperature,1,59,1.69%,6.73
https://usasymbol.com/states/massachusetts/mammal/tabby-cat,1,59,1.69%,9.14
https://usasymbol.com/states/delaware/mammal/gray-fox,1,58,1.72%,8.69
https://usasymbol.com/states/oregon/flag/oregon-state-flag,1,58,1.72%,11.55
https://usasymbol.com/compare/florida-vs-texas/marijuana-legalization,1,57,1.75%,6.7
https://usasymbol.com/compare/alabama-vs-kentucky,1,57,1.75%,7.72
https://usasymbol.com/compare/new-york-vs-texas/average-temperature,1,56,1.79%,7.8
https://usasymbol.com/compare/arizona-vs-texas/summer-temperature,1,56,1.79%,9.39
https://usasymbol.com/compare/california-vs-new-york/violent-crime,1,55,1.82%,9.93
https://usasymbol.com/compare/indiana-vs-ohio,1,55,1.82%,16.85
https://usasymbol.com/compare/connecticut-vs-massachusetts/sunny-days,1,53,1.89%,10.49
https://usasymbol.com/states/hawaii/surnames,1,52,1.92%,9.85
https://usasymbol.com/states/oklahoma/mammal/american-bison,1,49,2.04%,12.02
https://usasymbol.com/compare/maine-vs-pennsylvania/cost-of-living,1,49,2.04%,13.47
https://usasymbol.com/compare/arkansas-vs-oklahoma/income-tax,1,48,2.08%,7.46
https://usasymbol.com/states/maryland/license-plate/the-old-line-state,1,46,2.17%,8.46
https://usasymbol.com/compare/california-vs-massachusetts/population,1,46,2.17%,18.15
https://usasymbol.com/compare/maine-vs-massachusetts/sales-tax,1,46,2.17%,22.24
https://usasymbol.com/states/new-york/flag/new-york-state-flag,1,45,2.22%,13.76
https://usasymbol.com/states/alabama/color/red-and-white,1,44,2.27%,8.41
https://usasymbol.com/compare/arkansas-vs-north-carolina,1,44,2.27%,10.39
https://usasymbol.com/compare/illinois-vs-indiana/violent-crime,1,43,2.33%,5.67
https://usasymbol.com/states/iowa/flag/iowa-state-flag,1,43,2.33%,11.23
https://usasymbol.com/compare/connecticut-vs-massachusetts/density,1,41,2.44%,4.8
https://usasymbol.com/compare/delaware-vs-florida,1,41,2.44%,21.8
https://usasymbol.com/compare/arizona-vs-nevada/property-tax,1,40,2.5%,7.42
https://usasymbol.com/states/wyoming/color/brown-and-gold,1,39,2.56%,7.1
https://usasymbol.com/states/maine/surnames,1,39,2.56%,8.44
https://usasymbol.com/states/massachusetts/surnames,1,39,2.56%,10.18
https://usasymbol.com/compare/delaware-vs-texas/home-value,1,38,2.63%,6.32
https://usasymbol.com/compare/alabama-vs-south-carolina/cost-of-living,1,38,2.63%,8.08
https://usasymbol.com/states/wisconsin/mammal/dairy-cow,1,37,2.7%,13.41
https://usasymbol.com/compare/arkansas-vs-louisiana/income-tax,1,36,2.78%,10.42
https://usasymbol.com/compare/delaware-vs-massachusetts,1,36,2.78%,11
https://usasymbol.com/compare/california-vs-florida/unemployment-rate,1,34,2.94%,6.03
https://usasymbol.com/compare/connecticut-vs-pennsylvania/best-state-to-live-in,1,34,2.94%,10.12
https://usasymbol.com/states/nebraska/motto/equality-before-the-law,1,34,2.94%,20.71
https://usasymbol.com/states/pennsylvania/flag/pennsylvania-state-flag,1,33,3.03%,10.33
https://usasymbol.com/states/florida/color/orange-red-and-white,1,32,3.12%,9.06
https://usasymbol.com/compare/california-vs-texas/homeownership-rate,1,31,3.23%,4.87
https://usasymbol.com/compare/california-vs-texas/gun-laws-status,1,31,3.23%,9.52
https://usasymbol.com/compare/maine-vs-new-york/income-tax,1,31,3.23%,31.9
https://usasymbol.com/compare/alabama-vs-maryland,1,30,3.33%,8.67
https://usasymbol.com/compare/arizona-vs-hawaii,1,30,3.33%,13.97
https://usasymbol.com/compare/iowa-vs-south-dakota,1,30,3.33%,21.6
https://usasymbol.com/compare/arizona-vs-nevada/annual-precipitation,1,29,3.45%,5.48
https://usasymbol.com/states/connecticut/state-seal/great-seal-of-connecticut,1,29,3.45%,6.72
https://usasymbol.com/compare/florida-vs-georgia/winter-temperature,1,28,3.57%,5.57
https://usasymbol.com/compare/arkansas-vs-oklahoma/average-temperature,1,26,3.85%,5.15
https://usasymbol.com/states/new-jersey/tree/northern-red-oak,1,26,3.85%,10.96
https://usasymbol.com/compare/maryland-vs-virginia/summer-temperature,1,25,4%,7
https://usasymbol.com/compare/massachusetts-vs-new-hampshire/gas-tax,1,25,4%,16.52
https://usasymbol.com/states/nebraska/flag/nebraska-state-flag,1,24,4.17%,6.04
https://usasymbol.com/compare/california-vs-texas/region,1,24,4.17%,10.75
https://usasymbol.com/states/maine/flag/maine-state-flag,1,24,4.17%,17.79
https://usasymbol.com/compare/california-vs-texas/purchasing-power,1,23,4.35%,6.13
https://usasymbol.com/compare/georgia-vs-north-carolina/home-value,1,23,4.35%,6.48
https://usasymbol.com/states/kansas/surnames,1,23,4.35%,7.48
https://usasymbol.com/compare/arkansas-vs-new-york,1,22,4.55%,9.5
https://usasymbol.com/compare/california-vs-montana,1,22,4.55%,23.59
https://usasymbol.com/compare/connecticut-vs-massachusetts/violent-crime,1,20,5%,8.1
https://usasymbol.com/states/colorado/motto/nil-sine-numine,1,20,5%,8.9
https://usasymbol.com/compare/delaware-vs-maine,1,20,5%,12.65
https://usasymbol.com/compare/arizona-vs-florida/cost-of-living,1,19,5.26%,23.74
https://usasymbol.com/compare/indiana-vs-ohio/winter-temperature,1,18,5.56%,5.28
https://usasymbol.com/compare/connecticut-vs-maine/summer-temperature,1,18,5.56%,7.28
https://usasymbol.com/compare/california-vs-utah/violent-crime,1,18,5.56%,7.56
https://usasymbol.com/compare/maine-vs-new-hampshire/land-area,1,17,5.88%,6.76
https://usasymbol.com/compare/arizona-vs-washington/cost-of-living,1,17,5.88%,23.29
https://usasymbol.com/compare/delaware-vs-virginia/cost-of-living,1,16,6.25%,7.5
https://usasymbol.com/compare/maine-vs-new-hampshire/sunny-days,1,16,6.25%,8.62
https://usasymbol.com/compare/illinois-vs-minnesota/gas-price,1,15,6.67%,4.73
https://usasymbol.com/compare/arizona-vs-texas/state-senate-control,1,14,7.14%,4.93
https://usasymbol.com/states/colorado/mammal/rocky-mountain-bighorn-sheep,1,14,7.14%,14.71
https://usasymbol.com/states/texas/firearm/1847-colt-walker-pistol,1,14,7.14%,17.71
https://usasymbol.com/states/colorado/tree/colorado-blue-spruce,1,13,7.69%,16.85
https://usasymbol.com/compare/alabama-vs-north-carolina/violent-crime,1,12,8.33%,5.33
https://usasymbol.com/compare/arizona-vs-texas/job-growth,1,12,8.33%,5.67
https://usasymbol.com/compare/california-vs-massachusetts/summer-temperature,1,12,8.33%,8.75
https://usasymbol.com/states/alabama/flag/alabama-state-flag,1,12,8.33%,17.58
https://usasymbol.com/states/rhode-island/flag/rhode-island-state-flag,1,12,8.33%,17.92
https://usasymbol.com/compare/delaware-vs-florida/average-temperature,1,11,9.09%,5.27
https://usasymbol.com/states/mississippi/mammal/white-tailed-deer,1,11,9.09%,8.27
https://usasymbol.com/compare/illinois-vs-indiana/livability-score,1,11,9.09%,10.45
https://usasymbol.com/compare/massachusetts-vs-new-hampshire/average-temperature,1,10,10%,4.5
https://usasymbol.com/compare/connecticut-vs-florida/summer-temperature,1,10,10%,5.4
https://usasymbol.com/compare/oregon-vs-washington/political-lean,1,10,10%,8.8
https://usasymbol.com/compare/alaska-vs-washington/livability-score,1,10,10%,10.4
https://usasymbol.com/compare/alaska-vs-texas/summer-temperature,1,10,10%,17.8
https://usasymbol.com/compare/california-vs-massachusetts/presidential-voting-margin,1,9,11.11%,7.44
https://usasymbol.com/compare/maine-vs-massachusetts/gas-tax,1,8,12.5%,18.38
https://usasymbol.com/compare/alabama-vs-mississippi/density,1,7,14.29%,6.14
https://usasymbol.com/compare/delaware-vs-south-carolina/violent-crime,1,7,14.29%,6.86
https://usasymbol.com/compare/indiana-vs-kansas/winter-temperature,1,6,16.67%,5.17
https://usasymbol.com/compare/illinois-vs-ohio/sunny-days,1,6,16.67%,6.67
https://usasymbol.com/compare/new-york-vs-texas/retirement-score,1,6,16.67%,6.67
https://usasymbol.com/states/arizona/dinosaur/sonorasaurus,1,6,16.67%,7
https://usasymbol.com/compare/connecticut-vs-florida/annual-precipitation,1,5,20%,3.2
https://usasymbol.com/compare/maine-vs-new-york/retirement-score,1,5,20%,4.2
https://usasymbol.com/compare/california-vs-nevada/purchasing-power,1,5,20%,4.6
https://usasymbol.com/compare/indiana-vs-ohio/alcohol-laws,1,5,20%,5
https://usasymbol.com/compare/alabama-vs-south-carolina/political-lean,1,5,20%,6.8
https://usasymbol.com/compare/iowa-vs-north-dakota/income-tax,1,5,20%,6.8
https://usasymbol.com/compare/alabama-vs-louisiana/summer-temperature,1,5,20%,7.2
https://usasymbol.com/compare/massachusetts-vs-texas/life-expectancy,1,5,20%,7.6
https://usasymbol.com/compare/arizona-vs-montana/livability-score,1,5,20%,8
https://usasymbol.com/compare/arkansas-vs-georgia/violent-crime,1,4,25%,2.5
https://usasymbol.com/compare/connecticut-vs-pennsylvania/retirement-score,1,4,25%,3.75
https://usasymbol.com/compare/arkansas-vs-texas/retirement-score,1,4,25%,6
https://usasymbol.com/compare/arkansas-vs-north-carolina/poverty-rate,1,3,33.33%,2
https://usasymbol.com/compare/connecticut-vs-delaware/winter-temperature,1,3,33.33%,4.33
https://usasymbol.com/rankings/infrastructure,1,3,33.33%,13.33
https://usasymbol.com/quizzes/state-capitals-quiz,1,3,33.33%,17
https://usasymbol.com/compare/connecticut-vs-new-york/poverty-rate,1,3,33.33%,33
https://usasymbol.com/compare/illinois-vs-north-dakota/college-educated,1,2,50%,1.5
https://usasymbol.com/compare/maine-vs-new-york/unemployment-rate,1,2,50%,3
https://usasymbol.com/compare/california-vs-washington/state-senate-control,1,2,50%,5.5
https://usasymbol.com/compare/arkansas-vs-new-york/violent-crime,1,2,50%,6
https://usasymbol.com/compare/delaware-vs-north-carolina/regional-price-parity,1,2,50%,6.5
https://usasymbol.com/compare/alabama-vs-massachusetts/income-tax,1,2,50%,7.5
https://usasymbol.com/compare/connecticut-vs-new-hampshire/violent-crime,1,2,50%,9
https://usasymbol.com/compare/alabama-vs-maine/presidential-voting-margin,1,1,100%,1
https://usasymbol.com/compare/arizona-vs-maine/alcohol-laws,1,1,100%,2
https://usasymbol.com/compare/arkansas-vs-oklahoma/rent-to-income,1,1,100%,2
https://usasymbol.com/compare/california-vs-texas/uninsured-rate,1,1,100%,2
https://usasymbol.com/compare/illinois-vs-iowa/life-expectancy,1,1,100%,2
https://usasymbol.com/compare/arizona-vs-oregon/poverty-rate,1,1,100%,4
https://usasymbol.com/compare/california-vs-connecticut/employment-population-ratio,1,1,100%,8
https://usasymbol.com/compare/delaware-vs-new-york/gun-laws-status,1,1,100%,9
https://usasymbol.com/compare/illinois-vs-missouri/retirement-score,1,1,100%,11
https://usasymbol.com/states/massachusetts/borders,0,1565,0%,7.19
https://usasymbol.com/about,0,1112,0%,8
https://usasymbol.com/states,0,1108,0%,10.87
https://usasymbol.com/states/washington/borders,0,1019,0%,8.68
https://usasymbol.com/states/florida/nickname/the-sunshine-state,0,854,0%,28.97
https://usasymbol.com/symbols/nicknames,0,853,0%,37.81
https://usasymbol.com/states/pennsylvania/borders,0,803,0%,8.45
https://usasymbol.com/states/georgia/borders,0,752,0%,9.08
https://usasymbol.com/states/kansas/motto/ad-astra-per-aspera,0,738,0%,11.1
https://usasymbol.com/states/oregon/borders,0,727,0%,8.88
https://usasymbol.com/rankings/economy/most-common-job-by-state,0,689,0%,4.55
https://usasymbol.com/states/nevada/flower/sagebrush,0,633,0%,9.64
https://usasymbol.com/states/texas,0,609,0%,57.88
https://usasymbol.com/rankings/geography/tallest-building-by-state,0,604,0%,26.59
https://usasymbol.com/states/florida,0,595,0%,55.95
https://usasymbol.com/states/arizona/borders,0,580,0%,7.67
https://usasymbol.com/rankings/education/oldest-college-by-state,0,538,0%,11.16
https://usasymbol.com/states/maryland/borders,0,525,0%,9.09
https://usasymbol.com/states/virginia/borders,0,496,0%,7.61
https://usasymbol.com/states/kansas/license-plate/the-sunflower-state,0,476,0%,5.76
https://usasymbol.com/rankings/geography/highest-point-by-state,0,437,0%,57.62
https://usasymbol.com/states/california,0,435,0%,53.04
https://usasymbol.com/states/new-mexico/borders,0,430,0%,7.58
https://usasymbol.com/guides/state-borders,0,429,0%,36.87
https://usasymbol.com/states/kentucky/nickname/the-bluegrass-state,0,424,0%,23.14
https://usasymbol.com/compare/oregon-vs-washington/cost-of-living,0,414,0%,40.25
https://usasymbol.com/states/montana/borders,0,407,0%,7.86
https://usasymbol.com/compare/connecticut-vs-massachusetts/gas-price,0,404,0%,8.3
https://usasymbol.com/rankings/economy/minimum-wage-by-state,0,378,0%,75.88
https://usasymbol.com/states/michigan/motto,0,371,0%,4.16
https://usasymbol.com/compare/oregon-vs-washington,0,353,0%,57.32
https://usasymbol.com/rankings/economy/purchasing-power-by-state,0,348,0%,8.37
https://usasymbol.com/rankings/demographics/states-by-population,0,332,0%,16.23
https://usasymbol.com/states/rhode-island/motto/hope,0,325,0%,16.2
https://usasymbol.com/states/colorado,0,287,0%,52.49
https://usasymbol.com/states/new-jersey,0,280,0%,50.55
https://usasymbol.com/symbols/cats,0,278,0%,11.5
https://usasymbol.com/rankings,0,276,0%,60.49
https://usasymbol.com/collections/laws/weird-laws-in-alabama,0,274,0%,8.5
https://usasymbol.com/states/north-carolina/nickname/the-tar-heel-state,0,268,0%,56.67
https://usasymbol.com/compare/california-vs-florida/summer-temperature,0,264,0%,7.81
https://usasymbol.com/compare/new-jersey-vs-new-york,0,264,0%,48
https://usasymbol.com/states/new-jersey/borders,0,262,0%,8.24
https://usasymbol.com/compare/arizona-vs-nevada/gas-price,0,250,0%,7.4
https://usasymbol.com/compare/new-jersey-vs-new-york/gas-price,0,247,0%,7.95
https://usasymbol.com/compare/illinois-vs-indiana/gas-price,0,245,0%,9.54
https://usasymbol.com/states/nebraska/borders,0,242,0%,8.3
https://usasymbol.com/states/alaska/color/blue-and-gold,0,233,0%,8.22
https://usasymbol.com/states/wyoming/borders,0,220,0%,6.1
https://usasymbol.com/states/ohio/color/scarlet-and-gray,0,220,0%,9.3
https://usasymbol.com/states/north-carolina/flower/flowering-dogwood,0,209,0%,8.43
https://usasymbol.com/states/minnesota/borders,0,208,0%,9
https://usasymbol.com/compare/indiana-vs-ohio/gas-price,0,205,0%,9.53
https://usasymbol.com/states/new-mexico/bird/greater-roadrunner,0,197,0%,6.56
https://usasymbol.com/states/pennsylvania/flower/mountain-laurel,0,194,0%,52.89
https://usasymbol.com/compare/florida-vs-georgia/gas-price,0,190,0%,7.8
https://usasymbol.com/rankings/food/dinner-time-by-state,0,187,0%,7.77
https://usasymbol.com/symbols/marine-mammals,0,180,0%,8.5
https://usasymbol.com/states/north-dakota/borders,0,178,0%,6.88
https://usasymbol.com/compare/florida-vs-texas/summer-temperature,0,177,0%,8.65
https://usasymbol.com/states/missouri/tree/flowering-dogwood,0,175,0%,9.26
https://usasymbol.com/states/illinois/color/blue-and-orange,0,170,0%,8.98
https://usasymbol.com/states/tennessee/flower/iris,0,170,0%,22.42
https://usasymbol.com/compare/florida-vs-new-york/gas-price,0,165,0%,7.45
https://usasymbol.com/compare/california-vs-texas/property-crime,0,164,0%,5.82
https://usasymbol.com/states/alabama/surnames,0,161,0%,8.47
https://usasymbol.com/states/illinois/flag/illinois-state-flag,0,160,0%,8.78
https://usasymbol.com/collections/flags/flags-that-look-like-the-us-flag,0,158,0%,35.18
https://usasymbol.com/compare/california-vs-florida/violent-crime,0,155,0%,7.94
https://usasymbol.com/compare/california-vs-texas/average-temperature,0,154,0%,8.56
https://usasymbol.com/compare/florida-vs-new-york/summer-temperature,0,151,0%,6.98
https://usasymbol.com/compare/california-vs-new-york/population,0,151,0%,8.26
https://usasymbol.com/compare/massachusetts-vs-new-york/gas-price,0,150,0%,6.18
https://usasymbol.com/compare/connecticut-vs-new-york/sales-tax,0,149,0%,26.91
https://usasymbol.com/states/oklahoma/license-plate/native-america,0,147,0%,9.41
https://usasymbol.com/compare/arizona-vs-nevada/average-temperature,0,143,0%,7.62
https://usasymbol.com/rankings/taxes/grocery-tax-by-state,0,143,0%,11.73
https://usasymbol.com/states/texas/flower,0,142,0%,82.49
https://usasymbol.com/compare/florida-vs-georgia/land-area,0,141,0%,8.18
https://usasymbol.com/states/north-dakota,0,141,0%,44.82
https://usasymbol.com/states/mississippi,0,140,0%,54.67
https://usasymbol.com/states/south-carolina,0,139,0%,51.51
https://usasymbol.com/states/oregon/mammal/beaver,0,138,0%,8.48
https://usasymbol.com/compare/arizona-vs-california/gas-price,0,138,0%,8.57
https://usasymbol.com/compare/california-vs-texas/presidential-voting-margin,0,137,0%,6.21
https://usasymbol.com/compare/california-vs-florida/land-area,0,137,0%,8.99
https://usasymbol.com/symbols/coats-of-arms,0,137,0%,42.92
https://usasymbol.com/compare/maine-vs-new-hampshire/cost-of-living,0,136,0%,66.24
https://usasymbol.com/states/kentucky/mammal/thoroughbred-horse,0,133,0%,9.02
https://usasymbol.com/states/new-mexico/flower/yucca-flower,0,132,0%,9.22
https://usasymbol.com/states/tennessee/mammal/raccoon,0,132,0%,9.84
https://usasymbol.com/states/new-mexico/mammal/black-bear,0,131,0%,9.31
https://usasymbol.com/compare/florida-vs-texas,0,130,0%,51.55
https://usasymbol.com/states/maine,0,129,0%,58.3
https://usasymbol.com/compare/maine-vs-vermont/cost-of-living,0,128,0%,38.66
https://usasymbol.com/states/indiana,0,127,0%,55.51
https://usasymbol.com/states/north-carolina,0,126,0%,60.17
https://usasymbol.com/compare/florida-vs-texas/land-area,0,125,0%,9.28
https://usasymbol.com/compare/florida-vs-new-york/land-area,0,124,0%,15.88
https://usasymbol.com/states/alabama,0,124,0%,60.56
https://usasymbol.com/collections,0,123,0%,22.28
https://usasymbol.com/states/alaska/mammal/moose,0,122,0%,7.12
https://usasymbol.com/compare/florida-vs-georgia/violent-crime,0,122,0%,7.48
https://usasymbol.com/states/mississippi/color/red-blue-and-gold,0,120,0%,8.75
https://usasymbol.com/states/massachusetts/motto/ense-petit-placidam-sub-libertate-quietem,0,120,0%,10.09
https://usasymbol.com/states/delaware,0,120,0%,56.17
https://usasymbol.com/quizzes/state-mottos-quiz,0,118,0%,5.5
https://usasymbol.com/compare/connecticut-vs-new-york,0,118,0%,47.1
https://usasymbol.com/compare/alabama-vs-mississippi/gas-price,0,117,0%,8.53
https://usasymbol.com/states/washington/motto/al-ki,0,117,0%,9.15
https://usasymbol.com/compare/indiana-vs-ohio/income-tax,0,117,0%,21.45
https://usasymbol.com/states/georgia,0,117,0%,56.14
https://usasymbol.com/compare/florida-vs-texas/winter-temperature,0,116,0%,6.14
https://usasymbol.com/states/arkansas,0,116,0%,61.28
https://usasymbol.com/states/wisconsin/color/red-and-white,0,115,0%,8.64
https://usasymbol.com/states/new-jersey/mammal/horse,0,115,0%,10.01
https://usasymbol.com/compare/california-vs-texas/unemployment-rate,0,114,0%,7.15
https://usasymbol.com/compare/arkansas-vs-texas/property-tax,0,114,0%,8.08
https://usasymbol.com/quizzes/state-flags-quiz,0,114,0%,34.97
https://usasymbol.com/rankings/law/weird-laws-by-state,0,114,0%,56.32
https://usasymbol.com/compare/maryland-vs-virginia/gas-price,0,113,0%,7.77
https://usasymbol.com/states/connecticut/color/primary-blue,0,113,0%,8.96
https://usasymbol.com/compare/alabama-vs-mississippi,0,113,0%,26.33
https://usasymbol.com/states/kentucky,0,113,0%,55.04
https://usasymbol.com/rankings/law/drinking-age-by-state,0,113,0%,56.97
https://usasymbol.com/states/kansas/color/blue-and-gold,0,110,0%,8.8
https://usasymbol.com/compare/florida-vs-georgia/sales-tax,0,110,0%,9.16
https://usasymbol.com/states/new-jersey/motto/liberty-and-prosperity,0,110,0%,9.22
https://usasymbol.com/states/alabama/motto/audemus-jura-nostra-defendere,0,108,0%,7.37
https://usasymbol.com/states/hawaii/color/eight-island-colors,0,107,0%,9.07
https://usasymbol.com/states/new-jersey/flower/violet,0,107,0%,49.5
https://usasymbol.com/states/maryland/mammal/thoroughbred-horse,0,106,0%,8.37
https://usasymbol.com/compare/california-vs-new-york,0,106,0%,51.64
https://usasymbol.com/compare/california-vs-florida/cost-of-living,0,105,0%,46.79
https://usasymbol.com/states/pennsylvania/motto,0,105,0%,47.37
https://usasymbol.com/states/alaska,0,104,0%,59.45
https://usasymbol.com/states/texas/color/blue-white-and-red,0,103,0%,8.71
https://usasymbol.com/rankings/taxes/states-with-no-property-tax-for-disabled-veterans,0,103,0%,19.58
https://usasymbol.com/compare/maine-vs-new-york/land-area,0,102,0%,9.72
https://usasymbol.com/compare/maryland-vs-virginia/land-area,0,101,0%,7.12
https://usasymbol.com/states/michigan/color/maize-and-blue,0,101,0%,8.47
https://usasymbol.com/rankings/demographics/most-spoken-language-after-english-by-state,0,101,0%,9.45
https://usasymbol.com/states/massachusetts/flower,0,101,0%,45.8
https://usasymbol.com/compare/california-vs-nevada/cost-of-living,0,100,0%,28.7
https://usasymbol.com/states/iowa/motto,0,100,0%,39.81
https://usasymbol.com/states/texas/motto,0,100,0%,42.28
https://usasymbol.com/compare/maryland-vs-virginia/sales-tax,0,99,0%,37.77
https://usasymbol.com/compare/california-vs-new-york/land-area,0,98,0%,8.61
https://usasymbol.com/states/idaho/color/green-gold-and-red,0,98,0%,8.74
https://usasymbol.com/states/illinois/surnames,0,98,0%,9.33
https://usasymbol.com/states/alaska/tree/sitka-spruce,0,98,0%,9.48
https://usasymbol.com/compare/maryland-vs-virginia/cost-of-living,0,98,0%,37.86
https://usasymbol.com/compare/florida-vs-georgia/population,0,96,0%,7.62
https://usasymbol.com/states/vermont/motto/freedom-and-unity,0,96,0%,22.65
https://usasymbol.com/compare/florida-vs-new-york/annual-precipitation,0,95,0%,5.09
https://usasymbol.com/compare/florida-vs-new-york/average-temperature,0,95,0%,7.42
https://usasymbol.com/compare/california-vs-new-york/sales-tax,0,95,0%,9.55
https://usasymbol.com/compare/california-vs-hawaii/income-tax,0,95,0%,27.52
https://usasymbol.com/compare/florida-vs-new-york/population,0,94,0%,8.97
https://usasymbol.com/states/illinois/license-plate/land-of-lincoln,0,93,0%,8.28
https://usasymbol.com/compare/california-vs-florida/population,0,93,0%,9.54
https://usasymbol.com/states/montana/mammal/grizzly-bear,0,93,0%,10.01
https://usasymbol.com/compare/connecticut-vs-massachusetts,0,93,0%,27.75
https://usasymbol.com/compare/arkansas-vs-texas/summer-temperature,0,92,0%,6.21
https://usasymbol.com/compare/oregon-vs-washington/summer-temperature,0,92,0%,7.88
https://usasymbol.com/states/massachusetts/tree/american-elm,0,92,0%,8.63
https://usasymbol.com/states/idaho,0,92,0%,61.4
https://usasymbol.com/compare/california-vs-florida/annual-precipitation,0,91,0%,5.49
https://usasymbol.com/compare/california-vs-texas/annual-precipitation,0,91,0%,5.6
https://usasymbol.com/compare/connecticut-vs-maine/cost-of-living,0,91,0%,11.36
https://usasymbol.com/compare/alaska-vs-texas,0,91,0%,29.47
https://usasymbol.com/compare/california-vs-texas/marijuana-legalization,0,90,0%,7.29
https://usasymbol.com/states/hawaii/borders,0,90,0%,8.59
https://usasymbol.com/states/pennsylvania/nickname/the-keystone-state,0,90,0%,13.64
https://usasymbol.com/states/oregon/nickname/the-beaver-state,0,90,0%,35.87
https://usasymbol.com/compare/california-vs-florida/average-temperature,0,89,0%,7.6
https://usasymbol.com/compare/florida-vs-georgia/property-tax,0,89,0%,8.55
https://usasymbol.com/states/new-mexico/surnames,0,89,0%,9
https://usasymbol.com/states/louisiana/mammal/black-bear,0,88,0%,11.86
https://usasymbol.com/states/alabama/beverage/clyde-mays-whiskey,0,87,0%,5.45
https://usasymbol.com/states/indiana/color/blue-and-gold,0,87,0%,9.51
https://usasymbol.com/states/vermont/flower/red-clover,0,86,0%,8.06
https://usasymbol.com/compare/maine-vs-new-hampshire/gas-price,0,86,0%,8.71
https://usasymbol.com/states/maine/beverage/moxie,0,85,0%,5.85
https://usasymbol.com/compare/massachusetts-vs-texas/population,0,85,0%,6.66
https://usasymbol.com/compare/illinois-vs-indiana/sales-tax,0,85,0%,19.59
https://usasymbol.com/compare/maine-vs-massachusetts,0,85,0%,19.67
https://usasymbol.com/compare/oregon-vs-washington/population,0,84,0%,9.33
https://usasymbol.com/compare/illinois-vs-indiana,0,84,0%,17.37
https://usasymbol.com/states/montana/flag/montana-state-flag,0,83,0%,13.1
https://usasymbol.com/compare/illinois-vs-wisconsin/sales-tax,0,83,0%,15.36
https://usasymbol.com/rankings/economy/states-with-the-most-breweries,0,82,0%,27.34
https://usasymbol.com/states/new-york/flower,0,82,0%,64.43
https://usasymbol.com/states/idaho/surnames,0,81,0%,5.7
https://usasymbol.com/compare/massachusetts-vs-new-york,0,81,0%,10.83
https://usasymbol.com/compare/new-york-vs-texas,0,81,0%,34.56
https://usasymbol.com/compare/maryland-vs-virginia/population,0,80,0%,8.16
https://usasymbol.com/states/florida/license-plate/the-sunshine-state,0,80,0%,8.34
https://usasymbol.com/states/wyoming/tree/plains-cottonwood,0,80,0%,9.78
https://usasymbol.com/states/utah/nickname/the-beehive-state,0,80,0%,56.59
https://usasymbol.com/compare/illinois-vs-kansas/sunny-days,0,79,0%,6.11
https://usasymbol.com/states/ohio/mammal/white-tailed-deer,0,79,0%,11.2
https://usasymbol.com/compare/california-vs-wyoming/population,0,79,0%,12.48
https://usasymbol.com/compare/massachusetts-vs-new-hampshire/sales-tax,0,79,0%,35.18
https://usasymbol.com/compare/california-vs-nevada/land-area,0,78,0%,7
https://usasymbol.com/states/pennsylvania/bird/ruffed-grouse,0,78,0%,7.77
https://usasymbol.com/compare/colorado-vs-utah/gas-price,0,78,0%,7.79
https://usasymbol.com/states/washington/mammal/olympic-marmot,0,78,0%,9.76
https://usasymbol.com/states/new-york/color/blue-and-gold,0,77,0%,8.9
https://usasymbol.com/compare/alabama-vs-georgia/income-tax,0,77,0%,16.51
https://usasymbol.com/compare/massachusetts-vs-new-hampshire/income-tax,0,77,0%,32.27
https://usasymbol.com/compare/california-vs-new-york/winter-temperature,0,76,0%,7.14
https://usasymbol.com/states/oklahoma/color/green-and-white,0,76,0%,9.63
https://usasymbol.com/compare/indiana-vs-ohio/cost-of-living,0,75,0%,19.32
https://usasymbol.com/states/maryland,0,75,0%,44.29
https://usasymbol.com/compare/new-york-vs-texas/gas-price,0,74,0%,7.12
https://usasymbol.com/compare/indiana-vs-ohio/land-area,0,74,0%,7.15
https://usasymbol.com/states/alaska/borders,0,74,0%,13.64
https://usasymbol.com/compare/california-vs-colorado/cost-of-living,0,74,0%,28.99
https://usasymbol.com/states/south-dakota,0,74,0%,47.66
https://usasymbol.com/compare/california-vs-texas/cost-of-living,0,74,0%,49.66
https://usasymbol.com/compare/florida-vs-georgia/annual-precipitation,0,73,0%,6.11
https://usasymbol.com/rankings/geography/states-split-by-two-time-zones,0,73,0%,8.26
https://usasymbol.com/states/washington/color/green-and-gold,0,73,0%,9.29
https://usasymbol.com/compare/oregon-vs-washington/gas-price,0,73,0%,9.3
https://usasymbol.com/compare/arkansas-vs-texas/cost-of-living,0,73,0%,10.42
https://usasymbol.com/compare/alaska-vs-hawaii/electricity-rates,0,72,0%,7.57
https://usasymbol.com/compare/alabama-vs-texas/cost-of-living,0,72,0%,9.35
https://usasymbol.com/states/oregon/motto/alis-volat-propriis,0,72,0%,9.62
https://usasymbol.com/compare/arizona-vs-texas,0,72,0%,30.42
https://usasymbol.com/states/washington/surnames,0,71,0%,8.1
https://usasymbol.com/compare/arizona-vs-florida/summer-temperature,0,71,0%,9.8
https://usasymbol.com/states/illinois/mammal/white-tailed-deer,0,71,0%,10.06
https://usasymbol.com/compare/maine-vs-new-york,0,71,0%,24.87
https://usasymbol.com/compare/maine-vs-new-hampshire,0,71,0%,33.51
https://usasymbol.com/compare/california-vs-texas/land-area,0,70,0%,8.51
https://usasymbol.com/compare/alabama-vs-florida,0,70,0%,9.59
https://usasymbol.com/states/iowa/color/red-white-and-blue,0,70,0%,10.2
https://usasymbol.com/compare/iowa-vs-nebraska/income-tax,0,70,0%,20.86
https://usasymbol.com/compare/georgia-vs-north-carolina/summer-temperature,0,69,0%,5.78
https://usasymbol.com/states/michigan/license-plate/pure-michigan,0,69,0%,7.65
https://usasymbol.com/states/missouri/motto/salus-populi-suprema-lex-esto,0,69,0%,8.48
https://usasymbol.com/states/texas/mammal/texas-longhorn,0,69,0%,10.83
https://usasymbol.com/compare/california-vs-florida,0,69,0%,51.33
https://usasymbol.com/collections/laws/weird-laws-in-alaska,0,68,0%,8.51
https://usasymbol.com/compare/california-vs-new-york/average-temperature,0,68,0%,9.34
https://usasymbol.com/states/georgia/surnames,0,68,0%,9.74
https://usasymbol.com/compare/massachusetts-vs-new-york/land-area,0,68,0%,10.4
https://usasymbol.com/states/alabama/bird,0,68,0%,45.74
https://usasymbol.com/states/georgia/bird/brown-thrasher,0,68,0%,48.35
https://usasymbol.com/compare/florida-vs-new-york/unemployment-rate,0,67,0%,6.03
https://usasymbol.com/states/nevada/surnames,0,66,0%,6.02
https://usasymbol.com/compare/north-carolina-vs-tennessee/property-tax,0,66,0%,9.88
https://usasymbol.com/compare/florida-vs-texas/gas-price,0,65,0%,7.23
https://usasymbol.com/states/vermont/license-plate/green-mountain-state,0,65,0%,7.43
https://usasymbol.com/compare/florida-vs-texas/population,0,65,0%,8.71
https://usasymbol.com/states/massachusetts,0,65,0%,39.98
https://usasymbol.com/compare/california-vs-new-york/summer-temperature,0,64,0%,6.69
https://usasymbol.com/compare/maine-vs-massachusetts/average-temperature,0,64,0%,7.03
https://usasymbol.com/compare/alabama-vs-mississippi/population,0,64,0%,7.3
https://usasymbol.com/states/louisiana/mammal/catahoula-leopard-dog,0,64,0%,12.42
https://usasymbol.com/compare/arizona-vs-california/land-area,0,64,0%,21.56
https://usasymbol.com/compare/arizona-vs-colorado,0,64,0%,24.41
https://usasymbol.com/compare/maryland-vs-virginia/average-temperature,0,63,0%,4.95
https://usasymbol.com/compare/florida-vs-new-york/sunny-days,0,63,0%,6.81
https://usasymbol.com/states/mississippi/surnames,0,63,0%,7.79
https://usasymbol.com/states/alabama/mammal/black-bear,0,63,0%,7.97
https://usasymbol.com/compare/georgia-vs-north-carolina/population,0,63,0%,8.52
https://usasymbol.com/states/new-york/tree/sugar-maple,0,63,0%,10.89
https://usasymbol.com/compare/north-carolina-vs-tennessee/population,0,62,0%,7.89
https://usasymbol.com/states/pennsylvania/beverage/milk,0,62,0%,8.42
https://usasymbol.com/compare/massachusetts-vs-new-jersey,0,62,0%,8.66
https://usasymbol.com/compare/maine-vs-massachusetts/land-area,0,62,0%,26.74
https://usasymbol.com/compare/california-vs-texas/population,0,62,0%,42.82
https://usasymbol.com/compare/california-vs-washington,0,62,0%,46.82
https://usasymbol.com/compare/georgia-vs-north-carolina/average-temperature,0,61,0%,6.9
https://usasymbol.com/compare/oregon-vs-washington/sunny-days,0,61,0%,7.08
https://usasymbol.com/compare/california-vs-florida/gas-price,0,61,0%,8.02
https://usasymbol.com/states/new-hampshire/borders,0,61,0%,10.9
https://usasymbol.com/compare/arizona-vs-new-mexico,0,61,0%,19.13
https://usasymbol.com/compare/alabama-vs-mississippi/property-tax,0,61,0%,26.18
https://usasymbol.com/compare/georgia-vs-north-carolina/violent-crime,0,60,0%,6.53
https://usasymbol.com/compare/arizona-vs-nevada/summer-temperature,0,60,0%,6.8
https://usasymbol.com/compare/california-vs-utah/gas-price,0,60,0%,7.72
https://usasymbol.com/states/maine/mammal/moose,0,60,0%,11.52
https://usasymbol.com/compare/california-vs-washington/land-area,0,60,0%,19.25
https://usasymbol.com/compare/arkansas-vs-texas/annual-precipitation,0,59,0%,4.51
https://usasymbol.com/states/arkansas/license-plate/the-natural-state,0,59,0%,7.42
https://usasymbol.com/compare/florida-vs-georgia/cost-of-living,0,59,0%,35.25
https://usasymbol.com/states/missouri/color/red-white-and-blue,0,58,0%,8.29
https://usasymbol.com/compare/florida-vs-texas/violent-crime,0,58,0%,8.57
https://usasymbol.com/compare/arkansas-vs-tennessee,0,58,0%,10.52
https://usasymbol.com/compare/arizona-vs-nevada/income-tax,0,58,0%,13.86
https://usasymbol.com/compare/arizona-vs-nevada/cost-of-living,0,58,0%,15.66
https://usasymbol.com/compare/maine-vs-texas/cost-of-living,0,58,0%,24.4
https://usasymbol.com/states/south-dakota/license-plate/great-faces-great-places,0,57,0%,6.21
https://usasymbol.com/states/kentucky/flag/kentucky-state-flag,0,57,0%,11.54
https://usasymbol.com/compare/iowa-vs-nebraska/sales-tax,0,57,0%,18.16
https://usasymbol.com/compare/maine-vs-new-hampshire/property-tax,0,57,0%,20.26
https://usasymbol.com/compare/arizona-vs-florida,0,57,0%,41.56
https://usasymbol.com/compare/maine-vs-massachusetts/cost-of-living,0,57,0%,46.39
https://usasymbol.com/states/maine/motto/dirigo,0,56,0%,8.18
https://usasymbol.com/compare/new-york-vs-texas/land-area,0,56,0%,8.46
https://usasymbol.com/compare/alabama-vs-georgia/sales-tax,0,56,0%,21.02
https://usasymbol.com/compare/maryland-vs-virginia/income-tax,0,56,0%,25.68
https://usasymbol.com/compare/massachusetts-vs-new-hampshire,0,56,0%,43.34
https://usasymbol.com/compare/illinois-vs-ohio/gas-price,0,55,0%,6.76
https://usasymbol.com/compare/arizona-vs-nevada/population,0,55,0%,6.91
https://usasymbol.com/compare/alabama-vs-kentucky/cost-of-living,0,55,0%,10.24
https://usasymbol.com/states/california/color/blue-and-gold,0,55,0%,10.49
https://usasymbol.com/states/wyoming/flag/wyoming-state-flag,0,55,0%,12.73
https://usasymbol.com/states/indiana/bird/northern-cardinal,0,55,0%,37.36
https://usasymbol.com/states/oregon,0,55,0%,46.38
https://usasymbol.com/states/texas/tree,0,55,0%,67.35
https://usasymbol.com/compare/illinois-vs-ohio/income-tax,0,54,0%,7.65
https://usasymbol.com/compare/oregon-vs-washington/livability-score,0,54,0%,8.76
https://usasymbol.com/states/south-carolina/mammal/marsh-tacky,0,54,0%,15.98
https://usasymbol.com/states/new-york/motto/excelsior,0,54,0%,27.93
https://usasymbol.com/compare/connecticut-vs-new-york/cost-of-living,0,54,0%,78.57
https://usasymbol.com/compare/florida-vs-new-york/life-expectancy,0,53,0%,5.96
https://usasymbol.com/states/kansas/tree/cottonwood,0,53,0%,8.7
https://usasymbol.com/states/new-mexico/color/red-and-yellow,0,53,0%,9.15
https://usasymbol.com/states/wisconsin/mammal/white-tailed-deer,0,53,0%,16.47
https://usasymbol.com/compare/georgia-vs-texas,0,53,0%,27
https://usasymbol.com/compare/maine-vs-new-york/cost-of-living,0,53,0%,32.15
https://usasymbol.com/compare/california-vs-colorado,0,53,0%,40.02
https://usasymbol.com/compare/arkansas-vs-oklahoma/population,0,52,0%,7.54
https://usasymbol.com/states/new-jersey/surnames,0,52,0%,8.25
https://usasymbol.com/states/maryland/motto/fatti-maschii-parole-femine,0,52,0%,9.67
https://usasymbol.com/compare/connecticut-vs-new-hampshire/cost-of-living,0,52,0%,18.02
https://usasymbol.com/collections/flags/states-with-eagles-on-the-flag,0,51,0%,5.25
https://usasymbol.com/compare/illinois-vs-south-dakota/college-educated,0,51,0%,7.02
https://usasymbol.com/compare/florida-vs-georgia/job-growth,0,51,0%,7.22
https://usasymbol.com/compare/alabama-vs-louisiana/land-area,0,51,0%,11.14
https://usasymbol.com/compare/arizona-vs-nevada,0,51,0%,53.25
https://usasymbol.com/states/nevada/color/silver-and-blue,0,50,0%,7.66
https://usasymbol.com/states/south-dakota/mammal/coyote,0,50,0%,7.94
https://usasymbol.com/compare/georgia-vs-north-carolina/land-area,0,50,0%,8.04
https://usasymbol.com/states/nebraska/color/scarlet-and-cream,0,50,0%,8.32
https://usasymbol.com/compare/connecticut-vs-vermont,0,50,0%,9
https://usasymbol.com/states/missouri/mammal/missouri-mule,0,50,0%,9.5
https://usasymbol.com/compare/arkansas-vs-louisiana/land-area,0,50,0%,9.66
https://usasymbol.com/states/california/tree/california-redwood,0,50,0%,18.74
https://usasymbol.com/compare/delaware-vs-maryland,0,50,0%,27.66
https://usasymbol.com/compare/florida-vs-texas/cost-of-living,0,50,0%,44.34
https://usasymbol.com/states/florida/flower,0,50,0%,63.98
https://usasymbol.com/compare/california-vs-nevada/annual-precipitation,0,49,0%,6.41
https://usasymbol.com/compare/connecticut-vs-pennsylvania/gas-price,0,49,0%,6.84
https://usasymbol.com/compare/massachusetts-vs-pennsylvania/average-temperature,0,49,0%,7.29
https://usasymbol.com/states/alabama/tree/southern-longleaf-pine,0,49,0%,7.84
https://usasymbol.com/states/tennessee/surnames,0,49,0%,9.18
https://usasymbol.com/compare/delaware-vs-texas/cost-of-living,0,49,0%,9.2
https://usasymbol.com/compare/illinois-vs-indiana/population,0,49,0%,12.31
https://usasymbol.com/compare/alabama-vs-new-york,0,49,0%,15.65
https://usasymbol.com/states/ohio/flag/ohio-state-flag,0,49,0%,15.94
https://usasymbol.com/compare/alabama-vs-mississippi/sales-tax,0,49,0%,21.49
https://usasymbol.com/compare/california-vs-hawaii,0,49,0%,25.02
https://usasymbol.com/compare/alabama-vs-oklahoma/sunny-days,0,48,0%,7
https://usasymbol.com/states/minnesota/license-plate/land-of-10000-lakes,0,48,0%,9.27
https://usasymbol.com/compare/connecticut-vs-massachusetts/land-area,0,48,0%,9.29
https://usasymbol.com/compare/alaska-vs-texas/population,0,48,0%,9.67
https://usasymbol.com/states/texas/tree/pecan,0,48,0%,10.44
https://usasymbol.com/states/texas/dinosaur/paluxysaurus,0,48,0%,14.17
https://usasymbol.com/compare/california-vs-texas/owner-costs-with-mortgage,0,48,0%,19.79
https://usasymbol.com/compare/new-jersey-vs-new-york/density,0,47,0%,6.17
https://usasymbol.com/states/colorado/color/blue-white-gold-and-red,0,47,0%,9.51
https://usasymbol.com/compare/connecticut-vs-pennsylvania/cost-of-living,0,47,0%,11.4
https://usasymbol.com/compare/arizona-vs-florida/land-area,0,47,0%,25.89
https://usasymbol.com/states/iowa,0,47,0%,34.09
https://usasymbol.com/compare/california-vs-nevada,0,47,0%,69.34
https://usasymbol.com/compare/arkansas-vs-delaware/cost-of-living,0,47,0%,71.96
https://usasymbol.com/compare/california-vs-nevada/population,0,46,0%,6.57
https://usasymbol.com/states/idaho/motto/esto-perpetua,0,46,0%,7.07
https://usasymbol.com/compare/oregon-vs-washington/winter-temperature,0,46,0%,7.3
https://usasymbol.com/states/connecticut/surnames,0,46,0%,7.61
https://usasymbol.com/states/rhode-island/license-plate/the-ocean-state,0,46,0%,8.61
https://usasymbol.com/compare/illinois-vs-ohio/cost-of-living,0,46,0%,8.78
https://usasymbol.com/compare/massachusetts-vs-new-hampshire/population,0,46,0%,10.78
https://usasymbol.com/compare/arkansas-vs-mississippi/cost-of-living,0,46,0%,11.26
https://usasymbol.com/compare/arizona-vs-florida/winter-temperature,0,46,0%,11.96
https://usasymbol.com/compare/california-vs-massachusetts,0,46,0%,12.26
https://usasymbol.com/compare/arizona-vs-nevada/sales-tax,0,46,0%,21
https://usasymbol.com/compare/connecticut-vs-florida,0,46,0%,23.89
https://usasymbol.com/compare/florida-vs-new-york/density,0,45,0%,6.07
https://usasymbol.com/compare/california-vs-hawaii/average-temperature,0,45,0%,7.8
https://usasymbol.com/compare/california-vs-new-york/gas-price,0,45,0%,7.87
https://usasymbol.com/states/north-dakota/color/green-and-yellow,0,45,0%,8.71
https://usasymbol.com/compare/alaska-vs-texas/land-area,0,45,0%,9.4
https://usasymbol.com/states/montana/motto/oro-y-plata,0,45,0%,10.69
https://usasymbol.com/states/california/flag/california-state-flag,0,45,0%,19.27
https://usasymbol.com/states/connecticut/mammal/sperm-whale,0,45,0%,19.6
https://usasymbol.com/compare/arizona-vs-arkansas,0,44,0%,8.73
https://usasymbol.com/states/maryland/color/red-white-black-and-gold,0,44,0%,10.68
https://usasymbol.com/states/georgia/mammal/right-whale,0,44,0%,10.95
https://usasymbol.com/compare/georgia-vs-north-carolina/best-state-to-live-in,0,44,0%,13.95
https://usasymbol.com/states/texas/flag,0,44,0%,75.73
https://usasymbol.com/compare/georgia-vs-north-carolina/winter-temperature,0,43,0%,5.3
https://usasymbol.com/compare/california-vs-colorado/average-temperature,0,43,0%,5.33
https://usasymbol.com/compare/california-vs-nevada/average-temperature,0,43,0%,5.47
https://usasymbol.com/compare/california-vs-nevada/summer-temperature,0,43,0%,6.19
https://usasymbol.com/states/delaware/surnames,0,43,0%,7.05
https://usasymbol.com/states/north-dakota/tree/american-elm,0,43,0%,7.33
https://usasymbol.com/compare/florida-vs-texas/home-value,0,43,0%,8.44
https://usasymbol.com/compare/arkansas-vs-oklahoma/cost-of-living,0,43,0%,10.07
https://usasymbol.com/states/indiana/tree/tulip-tree,0,43,0%,10.7
https://usasymbol.com/compare/arkansas-vs-texas/income-tax,0,43,0%,10.95
https://usasymbol.com/states/wyoming/mammal/american-bison,0,43,0%,11.88
https://usasymbol.com/states/maryland/flag/maryland-state-flag,0,43,0%,20.65
https://usasymbol.com/states/pennsylvania/firearm/pennsylvania-long-rifle,0,43,0%,30.21
https://usasymbol.com/compare/arizona-vs-texas/cost-of-living,0,43,0%,32.14
https://usasymbol.com/compare/florida-vs-georgia,0,43,0%,47.91
https://usasymbol.com/compare/maryland-vs-virginia,0,43,0%,60.6
https://usasymbol.com/compare/california-vs-texas/winter-temperature,0,42,0%,6.9
https://usasymbol.com/compare/new-york-vs-texas/job-growth,0,42,0%,7.29
https://usasymbol.com/states/west-virginia/tree/sugar-maple,0,42,0%,7.9
https://usasymbol.com/states/colorado/license-plate/colorful-colorado,0,42,0%,9.48
https://usasymbol.com/compare/california-vs-delaware,0,42,0%,9.81
https://usasymbol.com/compare/maine-vs-new-jersey,0,42,0%,10.71
https://usasymbol.com/symbols/firearms,0,42,0%,10.76
https://usasymbol.com/compare/california-vs-new-mexico,0,42,0%,12.05
https://usasymbol.com/states/pennsylvania/nickname,0,42,0%,25.64
https://usasymbol.com/compare/maine-vs-new-hampshire/income-tax,0,42,0%,42.79
https://usasymbol.com/compare/florida-vs-new-york/winter-temperature,0,41,0%,5.56
https://usasymbol.com/states/alabama/license-plate/heart-of-dixie,0,41,0%,9.39
https://usasymbol.com/states/montana/dinosaur/maiasaura,0,41,0%,9.56
https://usasymbol.com/states/florida/state-seal/great-seal-of-florida,0,41,0%,11.59
https://usasymbol.com/states/utah/firearm/browning-m1911-pistol,0,41,0%,13.56
https://usasymbol.com/states/oklahoma/flag/oklahoma-state-flag,0,41,0%,15.71
https://usasymbol.com/compare/maine-vs-texas,0,41,0%,17.63
https://usasymbol.com/states/new-jersey/nickname,0,41,0%,59.32
https://usasymbol.com/states/michigan,0,41,0%,63.34
https://usasymbol.com/compare/iowa-vs-ohio/average-temperature,0,40,0%,5.55
https://usasymbol.com/states/new-york/mammal/beaver,0,40,0%,5.7
https://usasymbol.com/compare/illinois-vs-ohio/average-temperature,0,40,0%,6.3
https://usasymbol.com/compare/georgia-vs-north-carolina/sales-tax,0,40,0%,6.55
https://usasymbol.com/compare/florida-vs-georgia/sunny-days,0,40,0%,6.75
https://usasymbol.com/compare/arizona-vs-texas/violent-crime,0,40,0%,6.83
https://usasymbol.com/states/montana/color/copper-silver-and-gold,0,40,0%,9.15
https://usasymbol.com/states/vermont/flag/vermont-state-flag,0,40,0%,9.2
https://usasymbol.com/compare/indiana-vs-ohio/home-value,0,40,0%,11.38
https://usasymbol.com/states/new-jersey/flag/new-jersey-state-flag,0,40,0%,17.38
https://usasymbol.com/compare/colorado-vs-utah,0,40,0%,21.07
https://usasymbol.com/compare/maine-vs-new-hampshire/sales-tax,0,40,0%,29.32
https://usasymbol.com/compare/florida-vs-new-york/highest-point,0,39,0%,7.38
https://usasymbol.com/compare/arkansas-vs-kentucky/cost-of-living,0,39,0%,8
https://usasymbol.com/compare/alabama-vs-california,0,39,0%,8.28
https://usasymbol.com/states/colorado/motto,0,39,0%,8.9
https://usasymbol.com/compare/new-jersey-vs-new-york/electricity-rates,0,39,0%,9.26
https://usasymbol.com/states/south-dakota/color/blue-and-gold,0,39,0%,9.46
https://usasymbol.com/compare/connecticut-vs-pennsylvania,0,39,0%,9.85
https://usasymbol.com/compare/florida-vs-maine,0,39,0%,15.92
https://usasymbol.com/compare/indiana-vs-michigan,0,39,0%,20.49
https://usasymbol.com/states/hawaii/flag/hawaii-state-flag,0,39,0%,23.38
https://usasymbol.com/rankings/religion/biggest-church-by-state,0,39,0%,53.21
https://usasymbol.com/compare/florida-vs-new-york/region,0,39,0%,57.92
https://usasymbol.com/compare/north-carolina-vs-tennessee/home-value,0,38,0%,5.97
https://usasymbol.com/compare/alabama-vs-texas,0,38,0%,8
https://usasymbol.com/compare/oregon-vs-washington/marijuana-legalization,0,38,0%,9.5
https://usasymbol.com/compare/alabama-vs-texas/land-area,0,38,0%,19.97
https://usasymbol.com/compare/alabama-vs-louisiana,0,38,0%,22.47
https://usasymbol.com/compare/arizona-vs-california,0,38,0%,33.5
https://usasymbol.com/compare/arizona-vs-washington,0,38,0%,42.11
https://usasymbol.com/compare/connecticut-vs-pennsylvania/average-temperature,0,37,0%,5.86
https://usasymbol.com/compare/california-vs-colorado/summer-temperature,0,37,0%,6.97
https://usasymbol.com/compare/illinois-vs-indiana/land-area,0,37,0%,6.97
https://usasymbol.com/compare/california-vs-texas/life-expectancy,0,37,0%,7.3
https://usasymbol.com/compare/alabama-vs-california/population,0,37,0%,7.38
https://usasymbol.com/states/indiana/license-plate/crossroads-of-america,0,37,0%,7.86
https://usasymbol.com/states/arizona/beverage/lemonade,0,37,0%,8.92
https://usasymbol.com/states/oklahoma/motto/labor-omnia-vincit,0,37,0%,9.35
https://usasymbol.com/states/minnesota/nickname/the-north-star-state,0,37,0%,9.43
https://usasymbol.com/states/texas/borders,0,37,0%,10.08
https://usasymbol.com/compare/connecticut-vs-delaware,0,37,0%,12.14
https://usasymbol.com/states/new-mexico/flag/new-mexico-state-flag,0,37,0%,19.41
https://usasymbol.com/compare/florida-vs-new-york,0,37,0%,26.81
https://usasymbol.com/compare/arizona-vs-california/annual-precipitation,0,37,0%,40
https://usasymbol.com/compare/california-vs-washington/cost-of-living,0,37,0%,48.38
https://usasymbol.com/compare/alabama-vs-alaska/winter-temperature,0,37,0%,85
https://usasymbol.com/compare/arizona-vs-california/average-temperature,0,36,0%,7.42
https://usasymbol.com/compare/iowa-vs-nebraska/population,0,36,0%,7.86
https://usasymbol.com/compare/california-vs-florida/home-value,0,36,0%,7.97
https://usasymbol.com/states/florida/flag/florida-state-flag,0,36,0%,8.17
https://usasymbol.com/states/california/nickname/the-golden-state,0,36,0%,8.58
https://usasymbol.com/states/wisconsin/license-plate/americas-dairyland,0,36,0%,8.61
https://usasymbol.com/compare/florida-vs-new-york/property-crime,0,36,0%,8.64
https://usasymbol.com/states/connecticut/bird/american-robin,0,36,0%,8.67
https://usasymbol.com/states/nebraska/license-plate/the-good-life,0,36,0%,8.75
https://usasymbol.com/states/oregon/surnames,0,36,0%,9.19
https://usasymbol.com/states/utah/color/black-and-gold,0,36,0%,9.19
https://usasymbol.com/states/north-carolina/license-plate/first-in-flight,0,36,0%,11.25
https://usasymbol.com/compare/california-vs-connecticut/cost-of-living,0,36,0%,11.47
https://usasymbol.com/compare/massachusetts-vs-pennsylvania/land-area,0,36,0%,18
https://usasymbol.com/compare/maine-vs-new-york/sales-tax,0,36,0%,57.11
https://usasymbol.com/compare/california-vs-florida/marijuana-legalization,0,35,0%,6.34
https://usasymbol.com/compare/arkansas-vs-texas/average-temperature,0,35,0%,6.49
https://usasymbol.com/states/south-carolina/mammal/mule,0,35,0%,7.29
https://usasymbol.com/states/arizona/firearm/colt-single-action-army-revolver,0,35,0%,8.46
https://usasymbol.com/compare/arkansas-vs-georgia,0,35,0%,9.54
https://usasymbol.com/compare/indiana-vs-iowa,0,35,0%,9.97
https://usasymbol.com/states/kansas,0,35,0%,9.97
https://usasymbol.com/states/mississippi/tree/southern-magnolia,0,35,0%,10.8
https://usasymbol.com/quizzes/state-shapes-quiz,0,35,0%,11.31
https://usasymbol.com/compare/alaska-vs-texas/cost-of-living,0,35,0%,12.14
https://usasymbol.com/states/kentucky/mammal/gray-squirrel,0,35,0%,12.89
https://usasymbol.com/compare/oregon-vs-washington/minimum-wage,0,35,0%,22.77
https://usasymbol.com/compare/massachusetts-vs-new-hampshire/cost-of-living,0,35,0%,69.66
https://usasymbol.com/compare/arizona-vs-florida/violent-crime,0,34,0%,6.56
https://usasymbol.com/states/mississippi/license-plate/the-magnolia-state,0,34,0%,7.53
https://usasymbol.com/compare/delaware-vs-south-carolina,0,34,0%,7.91
https://usasymbol.com/compare/georgia-vs-north-carolina/livability-score,0,34,0%,8.41
https://usasymbol.com/compare/new-jersey-vs-new-york/minimum-wage,0,34,0%,8.44
https://usasymbol.com/compare/california-vs-nevada/property-tax,0,34,0%,8.74
https://usasymbol.com/compare/florida-vs-new-york/college-educated,0,34,0%,9.26
https://usasymbol.com/compare/arizona-vs-montana/cost-of-living,0,34,0%,9.53
https://usasymbol.com/compare/maine-vs-pennsylvania,0,34,0%,9.79
https://usasymbol.com/compare/arkansas-vs-kentucky,0,34,0%,11.12
https://usasymbol.com/states/new-hampshire/mammal/bobcat,0,34,0%,14.47
https://usasymbol.com/compare/connecticut-vs-maine,0,34,0%,22.21
https://usasymbol.com/compare/california-vs-utah,0,34,0%,24.32
https://usasymbol.com/compare/florida-vs-texas/capital,0,34,0%,49.41
https://usasymbol.com/compare/arizona-vs-new-mexico/region,0,34,0%,56.71
https://usasymbol.com/compare/florida-vs-texas/presidential-voting-margin,0,33,0%,3.97
https://usasymbol.com/states/rhode-island/surnames,0,33,0%,6.52
https://usasymbol.com/compare/arizona-vs-washington/income-tax,0,33,0%,7.12
https://usasymbol.com/compare/california-vs-hawaii/summer-temperature,0,33,0%,7.24
https://usasymbol.com/compare/indiana-vs-north-dakota,0,33,0%,7.55
https://usasymbol.com/compare/iowa-vs-ohio/cost-of-living,0,33,0%,7.64
https://usasymbol.com/quizzes,0,33,0%,7.85
https://usasymbol.com/compare/california-vs-new-york/life-expectancy,0,33,0%,7.88
https://usasymbol.com/states/california/bird/california-quail,0,33,0%,8.48
https://usasymbol.com/compare/new-york-vs-texas/home-value,0,33,0%,8.58
https://usasymbol.com/compare/indiana-vs-ohio/homeownership-rate,0,33,0%,8.67
https://usasymbol.com/states/south-dakota/surnames,0,33,0%,9.03
https://usasymbol.com/states/maine/flower/white-pine-cone-and-tassel,0,33,0%,10.82
https://usasymbol.com/states/iowa/surnames,0,33,0%,10.85
https://usasymbol.com/states/arkansas/color/red-white-and-blue,0,33,0%,11.12
https://usasymbol.com/compare/alabama-vs-alaska,0,33,0%,11.39
https://usasymbol.com/compare/alabama-vs-arkansas,0,33,0%,11.52
https://usasymbol.com/compare/florida-vs-texas/property-tax,0,33,0%,11.94
https://usasymbol.com/states/georgia/flag/georgia-state-flag,0,33,0%,15.03
https://usasymbol.com/compare/alaska-vs-montana,0,33,0%,20.85
https://usasymbol.com/states/new-york/motto,0,33,0%,28.85
https://usasymbol.com/compare/arkansas-vs-texas/winter-temperature,0,32,0%,4.75
https://usasymbol.com/compare/alabama-vs-california/average-temperature,0,32,0%,5.41
https://usasymbol.com/compare/arkansas-vs-california/summer-temperature,0,32,0%,5.53
https://usasymbol.com/states/arkansas/beverage/milk,0,32,0%,7.09
https://usasymbol.com/states/oklahoma/surnames,0,32,0%,7.31
https://usasymbol.com/states/maryland/beverage/rye-whiskey,0,32,0%,7.66
https://usasymbol.com/compare/alaska-vs-washington/gas-price,0,32,0%,7.91
https://usasymbol.com/compare/illinois-vs-ohio/land-area,0,32,0%,8
https://usasymbol.com/states/nebraska/nickname/the-cornhusker-state,0,32,0%,8.06
https://usasymbol.com/states/new-jersey/bird/american-goldfinch,0,32,0%,8.34
https://usasymbol.com/compare/florida-vs-new-york/livability-score,0,32,0%,8.53
https://usasymbol.com/compare/california-vs-utah/average-temperature,0,32,0%,8.72
https://usasymbol.com/compare/california-vs-nevada/minimum-wage,0,32,0%,8.75
https://usasymbol.com/compare/delaware-vs-georgia,0,32,0%,9.19
https://usasymbol.com/compare/maine-vs-pennsylvania/land-area,0,32,0%,9.22
https://usasymbol.com/states/new-york/license-plate/empire-state,0,32,0%,9.28
https://usasymbol.com/states/idaho/tree/western-white-pine,0,32,0%,9.31
https://usasymbol.com/compare/maryland-vs-virginia/property-tax,0,32,0%,9.34
https://usasymbol.com/compare/arkansas-vs-california/cost-of-living,0,32,0%,9.41
https://usasymbol.com/compare/delaware-vs-north-carolina,0,32,0%,10.22
https://usasymbol.com/states/pennsylvania/motto/virtue-liberty-and-independence,0,32,0%,10.81
https://usasymbol.com/states/idaho/mammal/appaloosa-horse,0,32,0%,12.62
https://usasymbol.com/compare/arizona-vs-texas/best-state-to-live-in,0,32,0%,35.44
https://usasymbol.com/compare/connecticut-vs-new-york/region,0,32,0%,63.44
https://usasymbol.com/collections/flags,0,31,0%,3.32
https://usasymbol.com/compare/georgia-vs-north-carolina/presidential-voting-margin,0,31,0%,5.58
https://usasymbol.com/compare/arkansas-vs-florida/summer-temperature,0,31,0%,6.13
https://usasymbol.com/compare/delaware-vs-oklahoma/sunny-days,0,31,0%,7.16
https://usasymbol.com/states/rhode-island/color/blue-white-and-gold,0,31,0%,7.71
https://usasymbol.com/compare/georgia-vs-texas/violent-crime,0,31,0%,8.61
https://usasymbol.com/states/massachusetts/mammal/boston-terrier,0,31,0%,8.68
https://usasymbol.com/compare/florida-vs-texas/job-growth,0,31,0%,8.94
https://usasymbol.com/compare/georgia-vs-north-carolina/sunny-days,0,31,0%,9.06
https://usasymbol.com/states/west-virginia/nickname/the-mountain-state,0,31,0%,9.9
https://usasymbol.com/compare/california-vs-florida/property-tax,0,31,0%,11.52
https://usasymbol.com/compare/indiana-vs-minnesota,0,31,0%,11.84
https://usasymbol.com/compare/massachusetts-vs-pennsylvania/cost-of-living,0,31,0%,11.84
https://usasymbol.com/compare/arizona-vs-florida/sunny-days,0,31,0%,13.29
https://usasymbol.com/compare/alabama-vs-california/land-area,0,31,0%,15.94
https://usasymbol.com/states/georgia/tree/southern-live-oak,0,31,0%,16.61
https://usasymbol.com/compare/massachusetts-vs-pennsylvania,0,31,0%,22.48
https://usasymbol.com/compare/arizona-vs-texas/winter-temperature,0,31,0%,43.55
https://usasymbol.com/compare/california-vs-oregon/cost-of-living,0,31,0%,47.42
https://usasymbol.com/compare/massachusetts-vs-new-york/cost-of-living,0,31,0%,62.1
https://usasymbol.com/compare/florida-vs-new-york/cost-of-living,0,31,0%,66.06
https://usasymbol.com/compare/arizona-vs-texas/region,0,31,0%,71.9
https://usasymbol.com/compare/new-york-vs-texas/winter-temperature,0,30,0%,4.07
https://usasymbol.com/compare/georgia-vs-north-carolina/job-growth,0,30,0%,5.97
https://usasymbol.com/compare/connecticut-vs-new-hampshire/gas-price,0,30,0%,6.6
https://usasymbol.com/compare/arkansas-vs-oklahoma/property-tax,0,30,0%,6.67
https://usasymbol.com/compare/alabama-vs-texas/average-temperature,0,30,0%,6.93
https://usasymbol.com/states/pennsylvania/license-plate/youve-got-a-friend-in-pennsylvania,0,30,0%,7.1
https://usasymbol.com/compare/arkansas-vs-maine,0,30,0%,7.53
https://usasymbol.com/compare/connecticut-vs-pennsylvania/land-area,0,30,0%,8.1
https://usasymbol.com/compare/arizona-vs-nevada/gun-laws-status,0,30,0%,8.37
https://usasymbol.com/compare/alabama-vs-oklahoma,0,30,0%,8.4
https://usasymbol.com/compare/alabama-vs-north-carolina/cost-of-living,0,30,0%,8.7
https://usasymbol.com/states/new-hampshire/surnames,0,30,0%,8.87
https://usasymbol.com/states/nevada/borders,0,30,0%,9.2
https://usasymbol.com/states/oregon/color/navy-blue-and-gold,0,30,0%,9.5
https://usasymbol.com/states/montana/tree/ponderosa-pine,0,30,0%,11.03
https://usasymbol.com/states/michigan/mammal/white-tailed-deer,0,30,0%,11.3
https://usasymbol.com/states/south-carolina/motto/dum-spiro-spero,0,30,0%,11.53
https://usasymbol.com/states/florida/mammal/dolphin,0,30,0%,13.37
https://usasymbol.com/compare/indiana-vs-kansas,0,30,0%,17.17
https://usasymbol.com/compare/alabama-vs-texas/region,0,30,0%,18.37
https://usasymbol.com/compare/alabama-vs-georgia/land-area,0,30,0%,21.17
https://usasymbol.com/compare/arizona-vs-florida/average-temperature,0,30,0%,22.37
https://usasymbol.com/collections/flags/meaning-of-the-colors-on-the-us-flag,0,30,0%,22.9
https://usasymbol.com/compare/arizona-vs-maine/cost-of-living,0,30,0%,27.63
https://usasymbol.com/compare/arizona-vs-california/region,0,30,0%,55.53
https://usasymbol.com/compare/arkansas-vs-north-carolina/summer-temperature,0,29,0%,5.03
https://usasymbol.com/compare/arkansas-vs-florida/average-temperature,0,29,0%,5.07
https://usasymbol.com/compare/california-vs-new-york/job-growth,0,29,0%,6.28
https://usasymbol.com/compare/alabama-vs-mississippi/land-area,0,29,0%,6.97
https://usasymbol.com/states/west-virginia/license-plate/wild-wonderful,0,29,0%,7.28
https://usasymbol.com/compare/maine-vs-new-york/sunny-days,0,29,0%,8.72
https://usasymbol.com/states/north-dakota/surnames,0,29,0%,10.48
https://usasymbol.com/states/mississippi/flag/mississippi-state-flag,0,29,0%,36.28
https://usasymbol.com/states/colorado/state-seal/great-seal-of-colorado,0,28,0%,2.86
https://usasymbol.com/compare/delaware-vs-virginia/income-tax,0,28,0%,4.46
https://usasymbol.com/contact,0,28,0%,4.61
https://usasymbol.com/compare/arkansas-vs-texas/violent-crime,0,28,0%,5.21
https://usasymbol.com/compare/iowa-vs-kansas/population,0,28,0%,6.96
https://usasymbol.com/states/south-dakota/tree/black-hills-spruce,0,28,0%,7.29
https://usasymbol.com/compare/california-vs-new-york/gun-laws-status,0,28,0%,7.82
https://usasymbol.com/compare/florida-vs-new-york/minimum-wage,0,28,0%,7.96
https://usasymbol.com/compare/new-york-vs-texas/density,0,28,0%,8.18
https://usasymbol.com/states/vermont/surnames,0,28,0%,8.82
https://usasymbol.com/compare/california-vs-texas/minimum-wage,0,28,0%,9.14
https://usasymbol.com/states/vermont/tree/sugar-maple,0,28,0%,9.18
https://usasymbol.com/states/mississippi/motto/virtute-et-armis,0,28,0%,9.25
https://usasymbol.com/compare/florida-vs-georgia/income-tax,0,28,0%,9.29
https://usasymbol.com/states/west-virginia/mammal/black-bear,0,28,0%,9.32
https://usasymbol.com/states/wisconsin/tree/sugar-maple,0,28,0%,10.04
https://usasymbol.com/compare/california-vs-texas/electricity-rates,0,28,0%,10.29
https://usasymbol.com/compare/connecticut-vs-delaware/cost-of-living,0,28,0%,10.93
https://usasymbol.com/states/new-hampshire/tree/white-birch,0,28,0%,11.04
https://usasymbol.com/states/florida/beverage/orange-juice,0,28,0%,11.14
https://usasymbol.com/states/michigan/tree/eastern-white-pine,0,28,0%,11.79
https://usasymbol.com/states/virginia/mammal/american-foxhound,0,28,0%,11.89
https://usasymbol.com/collections/flags/texas-flag-vs-chile-flag,0,28,0%,13
https://usasymbol.com/states/texas/mammal/american-quarter-horse,0,28,0%,13.18
https://usasymbol.com/compare/massachusetts-vs-texas/cost-of-living,0,28,0%,25.64
https://usasymbol.com/states/hawaii/nickname/the-aloha-state,0,28,0%,28.21
https://usasymbol.com/compare/georgia-vs-north-carolina/cost-of-living,0,28,0%,51.82
https://usasymbol.com/compare/florida-vs-texas/median-income,0,28,0%,61.18
https://usasymbol.com/compare/delaware-vs-mississippi/employment-population-ratio,0,27,0%,3.56
https://usasymbol.com/compare/arkansas-vs-texas/gun-laws-status,0,27,0%,6.19
https://usasymbol.com/compare/connecticut-vs-delaware/land-area,0,27,0%,6.26
https://usasymbol.com/compare/california-vs-colorado/electricity-rates,0,27,0%,7.22
https://usasymbol.com/compare/connecticut-vs-new-york/population,0,27,0%,7.93
https://usasymbol.com/compare/arizona-vs-washington/summer-temperature,0,27,0%,8.15
https://usasymbol.com/compare/oregon-vs-washington/home-value,0,27,0%,8.44
https://usasymbol.com/states/mississippi/beverage/milk,0,27,0%,9.15
https://usasymbol.com/states/maine/license-plate/vacationland,0,27,0%,10.07
https://usasymbol.com/compare/new-york-vs-texas/region,0,27,0%,10.15
https://usasymbol.com/states/arizona/flag/arizona-state-flag,0,27,0%,11
https://usasymbol.com/compare/alaska-vs-maine,0,27,0%,13.52
https://usasymbol.com/states/arizona/mammal/ringtail,0,27,0%,13.93
https://usasymbol.com/states/florida/flower/orange-blossom,0,27,0%,14.19
https://usasymbol.com/compare/iowa-vs-nebraska/property-tax,0,27,0%,14.81
https://usasymbol.com/states/rhode-island/nickname,0,27,0%,15.33
https://usasymbol.com/compare/massachusetts-vs-texas/land-area,0,27,0%,15.63
https://usasymbol.com/states/wisconsin/mammal/badger,0,27,0%,17.44
https://usasymbol.com/compare/arizona-vs-california/sales-tax,0,27,0%,17.7
https://usasymbol.com/compare/maryland-vs-virginia/violent-crime,0,26,0%,4.23
https://usasymbol.com/states/indiana/beverage/water,0,26,0%,5.42
https://usasymbol.com/compare/oregon-vs-washington/highest-point,0,26,0%,6.69
https://usasymbol.com/compare/iowa-vs-nebraska/best-state-to-live-in,0,26,0%,6.85
https://usasymbol.com/compare/maine-vs-pennsylvania/average-temperature,0,26,0%,7.04
https://usasymbol.com/compare/arkansas-vs-georgia/cost-of-living,0,26,0%,8.31
https://usasymbol.com/compare/indiana-vs-ohio/population,0,26,0%,8.54
https://usasymbol.com/states/maryland/tree/white-oak,0,26,0%,8.62
https://usasymbol.com/compare/massachusetts-vs-texas/violent-crime,0,26,0%,8.77
https://usasymbol.com/compare/arkansas-vs-florida,0,26,0%,8.96
https://usasymbol.com/compare/arkansas-vs-oklahoma/land-area,0,26,0%,9.88
https://usasymbol.com/compare/illinois-vs-wisconsin/gas-tax,0,26,0%,10.04
https://usasymbol.com/compare/arizona-vs-idaho,0,26,0%,10.38
https://usasymbol.com/compare/alabama-vs-massachusetts,0,26,0%,10.88
https://usasymbol.com/states/kentucky/color/blue-and-gold,0,26,0%,10.96
https://usasymbol.com/states/mississippi/mammal/red-fox,0,26,0%,11.31
https://usasymbol.com/compare/alaska-vs-nevada,0,26,0%,11.88
https://usasymbol.com/compare/florida-vs-new-york/best-state-to-live-in,0,26,0%,12.27
https://usasymbol.com/compare/delaware-vs-texas,0,26,0%,14.85
https://usasymbol.com/states/mississippi/mammal/bottlenose-dolphin,0,26,0%,16
https://usasymbol.com/compare/california-vs-new-york/income-tax,0,26,0%,16.5
https://usasymbol.com/compare/alaska-vs-hawaii/land-area,0,26,0%,30.5
https://usasymbol.com/compare/california-vs-texas/violent-crime,0,26,0%,32.69
https://usasymbol.com/compare/north-carolina-vs-tennessee/cost-of-living,0,26,0%,49.27
https://usasymbol.com/compare/california-vs-florida/presidential-voting-margin,0,25,0%,4.24
https://usasymbol.com/compare/new-york-vs-texas/annual-precipitation,0,25,0%,5.92
https://usasymbol.com/compare/california-vs-colorado/sunny-days,0,25,0%,6.44
https://usasymbol.com/compare/new-york-vs-texas/sunny-days,0,25,0%,6.48
https://usasymbol.com/states/arizona/license-plate/grand-canyon-state,0,25,0%,6.48
https://usasymbol.com/compare/iowa-vs-kansas,0,25,0%,7.24
https://usasymbol.com/states/texas/surnames,0,25,0%,7.64
https://usasymbol.com/compare/california-vs-texas/median-rent,0,25,0%,7.84
https://usasymbol.com/compare/north-carolina-vs-tennessee/political-lean,0,25,0%,7.96
https://usasymbol.com/compare/arkansas-vs-texas/best-state-to-live-in,0,25,0%,8.2
https://usasymbol.com/compare/arizona-vs-nevada/land-area,0,25,0%,8.68
https://usasymbol.com/compare/indiana-vs-ohio/property-tax,0,25,0%,8.96
https://usasymbol.com/states/california/state-seal/great-seal-of-california,0,25,0%,9.68
https://usasymbol.com/states/colorado/flag/colorado-state-flag,0,25,0%,10
https://usasymbol.com/states/missouri/nickname/the-show-me-state,0,25,0%,10.24